location_str,latitude,longitude,num_paintings
"London, United Kingdom",51.5073219,-0.1276473,12422
"Paris, France",48.8566101,2.3514992,4242
"New York, United States",40.7305991,-73.9865811,3873
"Moscow, Russian Federation",55.7506828,37.6174976,2743
"Amsterdam, Netherlands",52.3745403,4.89797550562,1980
"Edinburgh, United Kingdom",55.9495628,-3.1914971,1945
"Madrid, Spain",40.4167047,-3.7035824,1899
"Glasgow, United Kingdom",55.856656,-4.2435816,1885
"St. Petersburg, Russian Federation",59.9387318,30.3162286,3341
"Washington, United States",38.8949549,-77.0366455,2698
"Oxford, United Kingdom",51.7520131,-1.2578498,1286
"Vienna, Austria",48.2083537,16.3725042,1291
"Cambridge, United Kingdom",52.2033051,0.124862,1242
"Oslo, Norway",59.9132694,10.7391112,1216
"Boston, United States",42.3604823,-71.0595677,1235
United Kingdom,54.7023545,-3.2765752,1123
"Berlin, Germany",52.5170365,13.3888599,1108
"Liverpool, United Kingdom",53.4054719,-2.9805391,1101
"Stockholm, Sweden",59.3251172,18.0710935,1059
"Richmond, United Kingdom",51.4613531,-0.3032766,1059
"New Haven, Connecticut, United States",41.3082138,-72.9250517,1017
"Florence, Italy",43.7698712,11.2555757,985
"Chicago, United States",41.8755546,-87.6244211,917
"Manchester, United Kingdom",53.4791301,-2.2441008,888
"Greenwich, United Kingdom",52.0367323,1.168934,808
"Sheffield, United Kingdom",53.3806626,-1.4702277,782
"Munich, Germany",48.1371079,11.5753822,768
"Aberdeen, United Kingdom",57.1452452,-2.0913744,727
"Copenhagen, Denmark",55.6867243,12.5700724,765
"Philadelphia, PA, United States",39.9523993,-75.1635898,1095
"Budapest, Hungary",47.4983815,19.0404707,630
"Venice, Italy",45.4371908,12.3345899,577
"Los Angeles, California, United States",34.054935,-118.2444759,928
"Versailles, Greater Paris, France",48.8035403,2.1266886,545
"Cardiff, United Kingdom",51.4816546,-3.1791933,510
"Warsaw, Poland",52.2319237,21.0067265,497
"Leeds, United Kingdom",53.7974185,-1.543794,485
"Norwich, United Kingdom",52.628606,1.29227,459
"Cambridge, Greater Boston, Massachusetts, United States",42.3750997,-71.1056156,455
"York, United Kingdom",53.9590555,-1.081536,449
"Newcastle-upon-Tyne, United Kingdom",54.9770924,-1.6142058,477
"Helsinki, Finland",60.1674086,24.9425683,426
"Rome, Italy",41.85233365,12.6308541512,420
"Detroit, United States",42.3486635,-83.0567374,422
"The Hague, Netherlands",52.0799838,4.3113461,399
"Bristol, United Kingdom",51.453493,-2.5973936,398
"Wolverhampton, United Kingdom",52.5847651,-2.1275669,385
"Barcelona, Spain",41.3825596,2.1771353,378
"Cleveland, Ohio, United States",41.5051613,-81.6934445,372
"Dresden, Germany",51.0493286,13.7381437,372
"Barnard Castle, United Kingdom",54.5443517,-1.9238694,361
"Williamstown, MA, United States",42.712207,-73.2035985,387
"Saratov Region, Russian Federation",51.530018,46.0346846,336
"Bath, United Kingdom",51.3813864,-2.3596962,332
"Milan, Italy",45.4667971,9.1904984,327
"Hull, United Kingdom",53.7435722,-0.3394757,306
"Bournemouth, United Kingdom",50.74467035,-1.85798080318,306
"Belfast, United Kingdom",54.5969869,-5.9300991,299
"St. Louis, MO, United States",38.6337716,-90.2416547,297
"Montpellier, France",43.6112422,3.8767337,295
"Baltimore, Maryland, United States",39.2908816,-76.6107589,358
"Wien-Innere Stadt, Austria",48.1983738,16.366388,289
"Ottawa, Canada",45.4210328,-75.6900218,308
"Otterlo, Netherlands",52.07695895,5.79304570049,285
"Southampton, United Kingdom",50.9025349,-1.4041889,283
"Melbourne, Australia",-37.8142175,144.9631608,285
"Nottingham, United Kingdom",52.9534161,-1.1492772,275
"Indianapolis, Indiana, United States",39.7683331,-86.1583501,272
"Haarlem, Netherlands",52.38370575,4.64355969656,269
"Brussels, Belgium",50.8465565,4.351697,274
"Bradford, England",53.7941567,-1.7494777,273
"Bergen, Norway",60.3943532,5.325551,255
"Perth, United Kingdom",56.3956402,-3.4345333,254
"Preston, United Kingdom",53.7589938,-2.7051617,253
"Worcester, United States",42.2625932,-71.8022933,252
"San Francisco, California, United States",37.7792808,-122.4192362,479
"Plymouth, United Kingdom",50.3712659,-4.1425657,246
"Rouen, France",49.4404591,1.0939658,242
"Leicester, United Kingdom",52.6367811,-1.1312288,238
"Kiev, Ukraine",50.4501071,30.5240501,238
"Norfolk, Virginia, United States",36.8889933,-76.2481623,234
"Paisley, Renfrewshire, United Kingdom",55.8481954,-4.4249328,231
"Birkenhead,Greater Liverpool, United Kingdom",51.5488859,-0.110098421792,228
"Denver, Colorado, United States",39.7391536,-104.9847033,219
"Zurich, Switzerland",47.3685586,8.5404434,217
"Lille, France",50.6305089,3.0706414,214
"Compton, Surrey, United Kingdom",51.2093549,-0.7741817,213
"Minneapolis, Minnesota, United States",44.9772995,-93.2654691,214
"Cincinnati, Ohio, United States",39.1014537,-84.5124601,227
"Aberystwyth, United Kingdom",52.4143113,-4.0816845,209
"Antwerp, Belgium",51.2211097,4.3997081,219
"Toronto, Canada",43.6529206,-79.3849007,207
"Dundee, Scotland",56.4593653,-2.9735212,401
"Basel, Switzerland",47.5581077,7.5878261,203
"Gateshead, Greater Newcastle, United Kingdom",54.9585535,-1.6057002,201
"Rotterdam, Netherlands",51.92779805,4.48862326926,200
"Hamburg, Germany",53.550341,10.000654,196
"Prague, Czech Republic",50.0874654,14.4212503,196
"Houston, TX, United States",29.7589382,-95.3676973,200
"Southport, United Kingdom",53.6475988,-3.004175,190
"Geneva, Switzerland",46.2017559,6.1466014,186
"Pasadena, CA, United States",34.1476452,-118.1444778,192
"Cracovie, Poland",50.0619474,19.9368564,222
"Fife, United Kingdom",56.3333331,-3.0,181
"Vatican City, Vatican City State)",41.9008795,12.4509301,340
"Goteborg, Sweden",57.7072326,11.9670171,177
"Frankfurt, Germany",50.110653,8.682093,179
"Winchester, United Kingdom",51.0612766,-1.3131691,171
"Chantilly, France",49.1939579,2.4632567,168
"Kassel, Germany",51.3090209,9.4762981,168
"Cologne, Germany",50.938361,6.959974,168
"Colchester, United Kingdom",51.8931303,0.9046293,166
"Rochdale, Greater Manchester, United Kingdom",53.6153659,-2.155756,164
"Tokyo, Japan",34.2255804,139.294774527,164
"Exeter, United Kingdom",50.7256471,-3.526661,161
"Andover, United States",42.65717,-71.1408775,159
"Tulsa, Oklahoma, United States",36.1556805,-95.9929112,157
"Dublin, Ireland",53.3497645,-6.2602731,157
"Nizhni Novgorod, Russian Federation",56.3285709,44.003504,155
"Port Sunlight, United Kingdom",53.3553842,-2.9971675,155
"Petworth, United Kingdom",50.9895265,-0.594729272524,154
"Birmingham, United Kingdom",52.4776875,-1.8948515,152
"Sydney, Australia",-33.8548156,151.2164539,152
"Lode, Greater Cambridge, United Kingdom",52.2416427,0.2433695,148
"Bentonville, Arkansas, United States",36.3728538,-94.2088171,147
"Dallas, Texas, United States",32.7762719,-96.7968558,146
"Valenciennes, France",50.3594889,3.5266657,145
"Winterthur, Switzerland",47.4991723,8.7291498,142
"Cheltenham, United Kingdom",51.8995685,-2.0711558,142
"Hartford, Connecticut, United States",41.7645491,-72.6908672,141
"Montreal. Quebec, Canada",45.4972159,-73.6103641,170
"Oldham, United Kingdom",53.5415797,-2.114783,140
"Bern, Switzerland",46.9482713,7.4514512,138
"Herefordshire, England",52.083333,-2.7499999,136
"Dijon, France",47.3215806,5.0414701,130
"Waddesdon, United Kingdom",51.8456176,-0.9267192,129
Italy,42.6384261,12.674297,128
"Karlsruhe, Germany",49.0140679,8.4044366,126
"Bury, Greater Manchester, United Kingdom",53.5964097,-2.2904085,123
"Stoke-on-Trent, United Kingdom",53.0162014,-2.1812606,122
"Princeton, New Jersey, United States",40.3492744,-74.6592957,122
"Atlanta, Georgia, United States",33.7490987,-84.3901848,121
"Lincolnshire, United Kingdom",53.166667,-0.2499999,120
"Greenock, Inverclyde Council, United Kingdom",55.9491746,-4.7629951,120
"Raleigh, North Carolina, United States",35.7803977,-78.6390988,119
"Richmond, United States",37.5385087,-77.4342799,127
"Derby, United Kingdom",52.9212617,-1.476149,191
"Sunderland, Greater Newcastle, United Kingdom",54.9063791,-1.3750529,116
"Wellesley, Massachusetts, United States",42.2964859,-71.292557,116
"Burnley, United Kingdom",53.7907262,-2.2439195,115
"Stanford, California, United States",37.4265649,-122.170187551,114
"Kirkcudbright, United Kingdom",54.8394667,-4.0429905,114
"Northampton, Massachusetts, United States",42.3190227,-72.6306343,112
"Lyon, France",45.7578137,4.8320114,112
"Banbury, United Kingdom",52.0601807,-1.3402794,110
"Lisbon, Portugal",38.7077926,-9.136506,117
"Calderdale, United Kingdom",53.7198506,-1.96234146284,107
"Warminster, United Kingdom",51.1972475,-2.1856279,106
"Torpoint, United Kingdom",50.3757288,-4.1991203,104
"Hampton Court, United Kingdom",54.6885213,-5.9043578,103
"Skagen, Denmark",57.7259703,10.5844602,102
"Hanover, New Hampshire, United States",43.703622,-72.2886659,102
"Columbus, Ohio, United States",39.9622601,-83.0007064,101
"Toledo, OH, United States",41.6786754,-83.5127282,101
"Salford, United Kingdom",53.4877463,-2.289192,101
"Strasbourg, France",48.584614,7.7507127,101
"Swansea, United Kingdom",51.6211442,-3.946775,99
"Maidstone, United Kingdom",51.2748258,0.5231646,99
"Bury St Edmunds, United Kingdom",52.2460367,0.7125173,100
"Barnsley, United Kingdom",53.5527719,-1.4827754,98
"Kirklees, West Yorkshire, United Kingdom",53.6988806,-1.6416264229,98
"São Paulo, Brazil",-23.5506506,-46.6333823,110
"Stuttgart, Germany",48.7784485,9.1800132,97
"Ghent, Belgium",51.0538286,3.7250121,97
"San Diego, California, United States",32.7174209,-117.1627713,96
"Odessa, Ukraine",46.4846583,30.732564,96
"Naples, Italy",40.8359336,14.2487826,96
"Falmouth, United Kingdom",50.1552197,-5.0688261,96
"Bremen, Germany",53.0758196,8.8071646,95
"Essen, Germany",51.457087,7.011429,93
"Wakefield, United Kingdom",53.6825669,-1.5000465,93
"Canberra, Australia",-35.2975905,149.1012676,92
"Bordeaux, France",44.841225,-0.5800363,91
"Ayr, United Kingdom",55.4594119,-4.6326701,91
"Bushey, United Kingdom",51.6441737,-0.3622402,90
"Brunswick, Germany",52.2639962,10.5252669,90
"Portsmouth, United Kingdom",50.8036831,-1.0756139,90
"Grenoble, France",45.182151,5.7274722,89
"Omsk, Russian Federation",54.9913752,73.3714883,89
"Stirling, United Kingdom",56.1181242,-3.9360011,89
"Adelaide, Australia",-34.9274283,138.599899,89
"Reading, United Kingdom",51.4580216,-0.9673726,87
"East Clandon, Guildford, United Kingdom",51.2568306,-0.4826122,87
"Royal Leamington Spa, United Kingdom",52.2921548,-1.5356985,87
"Niterói, Brazil",-22.883237,-43.1154551,86
"Douai, France",50.3703683,3.0761377,86
"Kansas City, Missouri, United States",39.0844687,-94.5630297,86
"Minsk, Belarus",53.902334,27.5618791,85
"Rennes, France",48.1113387,-1.6800197,84
"Douglas, United Kingdom",55.555668,-3.8425725,84
"Brighton, United Kingdom",50.8220399,-0.137406,84
"Pittsburgh, Pennsylvania, United States",40.4416941,-79.990086,88
"Bologna, Italy",44.4936714,11.3430347,83
"Truro, United Kingdom",50.2627515,-5.0520466,82
"Knutsford, United Kingdom",53.3078742,-2.3720506,82
"Sarasota, Florida, United States",27.3364347,-82.5306526,82
"Fort Worth, United States",32.753177,-97.3327458,173
"Blackburn, United Kingdom",53.7497193,-2.4797542,81
"Dusseldorf, Germany",51.2254018,6.7763137,81
"Utrecht, Netherlands",52.08095165,5.1276803155,80
"Northampton, United Kingdom",52.2385239,-0.9024929,80
"Providence, Rhode Island, United States",41.8239891,-71.4128342,84
"Provo, United States",40.2338438,-111.6585336,82
"Kilmarnock, United Kingdom",55.6101306,-4.4985358,79
"Nantes, France",47.2186371,-1.5541361,79
"Besançon, France",47.237953,6.0243246,91
"Bolton, United Kingdom",53.577694,-2.4288873,79
"Valencia, Spain",39.4699014,-0.3759512,78
"Carlisle, United Kingdom",54.8948478,-2.936231,77
"Le Havre, France",49.4938975,0.1079732,76
"Siena, Italy",43.3185536,11.3316533,76
"Oberschleißheim, Germany",48.2549383,11.5546058,76
"Worcester, United Kingdom",52.1911849,-2.2206584,76
"Doncaster, United Kingdom",53.5227681,-1.1335311,76
"Osnabrück, Germany",52.266837,8.049741,75
"Bruges, Belgium",51.2082905,3.2261497,80
"Padua, Italy",45.4077172,11.8734455,75
"San Marino, California, United States",34.1215947,-118.1057393,74
"Nuremberg, Germany",49.453872,11.077298,74
"Vancouver, Canada",49.2608944,-123.1139382,74
"Compiègne, France",49.4179497,2.8263171,73
"Leipzig, Germany",51.3391827,12.3810549,72
"Ipswich, United Kingdom",52.0579495,1.1526345,95
"Irvine, California, United States",33.6856969,-117.8259818,72
"Amherst, Massachusetts, United States",42.3803676,-72.5231429,72
"Coventry, United Kingdom",52.4081812,-1.5104769,72
"Sevastopol, Russian Federation",44.6054434,33.5220842,71
"Toulouse, France",43.6044622,1.4442469,71
"Merthyr Tydfil, United Kingdom",51.7490624,-3.3786182,71
"Quarndon, United Kingdom",52.9656832,-1.5019748,71
"Salzburg, Austria",47.7981346,13.0464806,70
"Dudley, United Kingdom",52.5114727,-2.0820102,69
"Santa Barbara, California, United States",34.4221319,-119.7026672,69
"Warrington, United Kingdom",53.40180345,-2.56803697272,68
"Memphis, Tennessee, United States",35.1490215,-90.0516284,68
"Kendal, United Kingdom",54.3272621,-2.7482987,68
"Brodick, United Kingdom",55.5754412,-5.1463402,68
"Hanover, Germany",52.3744779,9.7385532,77
"Eastbourne, United Kingdom",50.7733195,0.259146559219,67
"Stafford, United Kingdom",52.8063157,-2.1163817,67
"Kharkov, Ukraine",49.9902794,36.2303893,67
"Atcham, United Kingdom",52.6788507,-2.6796721,67
"Irkutsk, Russian Federation",52.2895979,104.2805843,67
"Parma, Italy",44.8013678,10.3280833,66
"Kettering, United Kingdom",52.3994233,-0.7280039,66
"Turin, Italy",45.0677551,7.6824892,69
"Astrakhan, Russian Federation",46.3498548,48.0315682,65
"Methlick, United Kingdom",57.4260313,-2.242349,65
"Grantham, United Kingdom",52.9133829,-0.6426581,67
"Avignon, France",43.9493143,4.8060329,65
"Simferopol, Russian Federation",45.03946475,33.9700025139,64
"Caen, France",49.1828008,-0.3690814,64
"Blackpool, United Kingdom",53.8245483,-3.03731989502,63
"Newport, United Kingdom",51.5882332,-2.9974966,63
"Buffalo, United States",42.8867166,-78.8783921,67
"Kostroma, Russian Federation",57.7679158,40.9269141,62
"Murom, Russian Federation",55.5738,42.0447,62
"Hamilton, Ontario, Canada",43.255205,-79.8682019,63
"New Britain, Connecticut, United States",41.68174355,-72.7881464301,62
"Utica, New York, United States",43.1009031,-75.232664,62
"San Antonio, Texas, United States",29.4246002,-98.4951404,62
"Wycombe, United Kingdom",51.66356185,-0.818083580966,62
"Omaha, Nebraska, United States",41.2587317,-95.9378731,62
"Guildford, United Kingdom",51.237195,-0.5811778,61
"Lancaster, United Kingdom",54.0484068,-2.7990344,61
"Buenos Aires, Argentina",-34.6075797,-58.4375796,61
"Genoa, Italy",44.40726,8.9338624,60
"Croydon, United Kingdom",51.3713049,-0.1019569,60
"Milwaukee, WS, United States",43.0349931,-87.9224969,60
"Polenovo, Tula Region, Russian Federation",54.1930321,37.61754,111
"Albi, France",43.9277552,2.147899,59
"Newmarket, United Kingdom",52.243851,0.4088225,58
"Tver, Russian Federation",56.858675,35.9208284,58
"Oakland, California, United States",37.8044557,-122.2713562,58
"Salisbury, United Kingdom",51.0736612,-1.7951175,57
"Egham, Greater London, United Kingdom",51.3750889,-0.2199492,57
"Seattle, Washington, United States",47.6038321,-122.3300623,57
"Jerusalem, Israel",31.78911765,35.2229730135,57
"Nikolaev, Ukraine",46.9567798,32.0327259,56
"Louisville, Kentucky, United States",38.2542376,-85.7594069,55
"South Harting, United Kingdom",50.969434,-0.8819101,55
"Brodie, United Kingdom",57.5928032,-3.7108262,55
"Fort Lauderdale, Florida, United States",26.1223084,-80.1433785,55
"Portland, Maine, United States",43.6610277,-70.2548595,54
"Dumfries, United Kingdom",55.0699746,-3.6095638,54
"Bergamo, Italy",45.6945115,9.669839,54
"Bilbao, Spain",43.2629489,-2.9349458,54
"Torbay, United Kingdom",50.446247,-3.53949971419,54
"Dnepropetrovsk, Ukraine",48.4680221,35.0417711,53
"Kislovodsk, Russian Federation",43.9143583,42.7237033,53
"Potsdam, Germany",52.4009309,13.0591397,53
"Wuppertal, Germany",51.264018,7.1780374,52
"Lausanne, Switzerland",46.5218269,6.6327025,52
"Hastings, United Kingdom",50.8553888,0.5824703,52
"Haddington, United Kingdom",55.9556144,-2.7793169,52
"Kirov, Russian Federation",58.6035257,49.6639029,52
"Fylde, United Kingdom",53.7929389,-2.8946575979,52
"Kazan, Russian Federation",55.76041925,49.1902944738,52
"Feodosia, Russian Federation",45.05008335,35.3664387426,51
"Dover, United Kingdom",51.1263985,1.30083991723,51
"Lviv, Ukraine",49.841952,24.0315921,51
"Newtownards, Greater Belfast, United Kingdom",54.593332,-5.696092,50
"Sevenoaks, United Kingdom",51.2719654,0.1914386,48
"Cody, Wyoming, United States",44.5263107,-109.0563922,48
"Aylesbury, United Kingdom",51.8161412,-0.8130382,48
"Shadrinsk, Russian Federation",56.0873643,63.6294827,48
"Newark, New Jersey, United States",40.735657,-74.1723666,47
"Yerevan, Armenia, Armenia",40.1776121,44.5125849,47
"Scarborough, United Kingdom",54.2847601,-0.4090338,47
"Southend-on-Sea, United Kingdom",51.54063195,0.716114672519,47
"Poznan, Poland",52.4082663,16.9335199,47
"Nizhny Tagil, Russian Federation",57.905149,59.9508466,46
"Arkhangelsk, Russian Federation",64.5430227,40.5371212,46
"Harrogate, United Kingdom",53.9921491,-1.5391038,46
"Wimborne Minster, United Kingdom",50.7995189,-1.9873389,45
"Walsall, Greater Birmingham, United Kingdom",52.60524495,-1.97042166215,45
"Perm, Russian Federation",58.0149643,56.2467244,45
"Bangor, United Kingdom",53.2277187,-4.1268821,45
"Doe Lea, United Kingdom",53.1918309,-1.3123389,45
"Penzance, United Kingdom",50.1213173,-5.5329265,45
"Vladimir, Russian Federation",56.1288899,40.4075203,45
"Montgomery, Alabama, United States",32.3669656,-86.3006484,44
"Rochester, New York, United States",43.157285,-77.6152139,44
"Krasnodar, Russian Federation",45.0354329,38.9757116,44
"Akron, United States",41.0830643,-81.5184853,44
"Birmingham, Alabama, United States",33.5206824,-86.8024325,43
"Richmond-upon-Thames - Greater London, United Kingdom",51.44035365,-0.308151077673,43
"Rio de Janeiro, Brazil",-22.9110136,-43.2093726,43
"Penza, Russian Federation",53.2,45.0,43
"Gloucester, United Kingdom",51.8653705,-2.2458191,42
"Ufa, Russian Federation",54.7262869,55.9477285,42
"Hillerod, Denmark",55.9285735,12.3063909,42
"Daytona Beach, Florida, United States",29.2108147,-81.022833,43
"Saint Andrews, United Kingdom",56.3403902,-2.7955843,42
"Charleston, South Carolina, United States",32.7876012,-79.9402727,42
"Flint, Michigan, United States",43.0171773,-83.7236023,42
"Troyes, France",48.2971626,4.0746257,41
"Ascona, Switzerland",46.1554222,8.7707865,41
"Dieppe, France",49.9246182,1.0791444,41
"Stratford-upon-Avon, United Kingdom",52.1923414,-1.7057876,41
"Kleinburg, Ontatio, Canada",43.844184,-79.6289059,41
"Bedford, United Kingdom",52.1363806,-0.467504,41
"Berwick-upon-Tweed, United Kingdom",55.7743076,-2.0106646,41
"Yaroslavl, Russian Federation",57.6263877,39.8933705,41
"Kaluga, Russian Federation",54.5101087,36.2598115,41
"Samara, Russian Federation",53.1986275,50.113988,40
"Youngstown, Ohio, United States",41.0997803,-80.6495193,40
"Sacramento, California, United States",38.5815719,-121.4943995,40
"Ithica, New York, United States",42.4396039,-76.4968018,40
"Whitby, United Kingdom",54.4874141,-0.615511,40
"Winston-Salem, North Carolina, United States",36.0998131,-80.2440517,39
"Ashbourne, United Kingdom",53.0173327,-1.7342724,39
United States,39.7837304,-100.4458824,39
"Reims, France",49.2577886,4.031926,38
"New Orleans, Louisiana, United States",29.9499323,-90.0701155,38
"Stavropol, Russian Federation",45.0433245,41.9690934,38
"Compton Verney, United Kingdom",52.174415,-1.5452356,38
"Mariefred, Sweden",59.2599454,17.2229487,38
"Moraga, California, United States",37.8347106,-122.1295595,38
"Altrincham, United Kingdom",53.3839662,-2.3525462,38
"Barnaul, Russian Federation",53.3473762,83.7784101,38
"Dayton, Ohio, United States",39.7589478,-84.1916068,38
"Enschede, Netherlands",52.22336325,6.8705956641,37
"Tyumen, Russian Federation",57.1535343,65.5422759,37
"Bucharest, Romania",44.4361414,26.1027202,39
"Sumy, Ukraine",50.9042589,34.8050035223,37
"Nancy, France",48.6937223,6.1834097,37
"Old Lyme, Connecticut, United States",41.3159315,-72.3289714,37
"Wilmington, DE, United States",39.745947,-75.5465889,37
"Cherbourg, France",49.51271975,-1.57550423915,37
"Honolulu, Hawaii, United States",21.304547,-157.8556763,37
"Disley, United Kingdom",53.35826,-2.0359286,37
"Lamport, United Kingdom",52.3636152,-0.8898315,37
"Vologda, Russian Federation",59.2188765,39.8932762,37
"Fyvie, United Kingdom",57.4299948,-2.3926464,37
"Donetsk, Ukraine",48.0158753,37.8013407,36
"Augusta, Georgia, United States",33.4709714,-81.9748428,36
"Wisbech, United Kingdom",52.6651733,0.1606824,36
"Balsta, Sweden",59.5682821,17.5294675,36
"Ryazan, Russian Federation",54.66989795,39.6882768283,36
"Toledo, Spain",39.8560679,-4.0239567,36
"Linköping, Sweden",58.4098135,15.6245252,36
"Rotherham, Greater Sheffield, United Kingdom",53.4309799,-1.3554597,61
"Fontainebleau, France",48.4049375,2.7015872,36
"México, Distrito Federal, Mexico",19.3811859,-99.2211221,36
"Springfield, Massachusetts, United States",42.1014831,-72.5898109,42
"Schwerin, Germany",53.6288297,11.4148038,35
"Mora, Sweden",61.00817,14.5433371,35
"Québec City, Québec, Canada",46.8257374,-71.2349113,35
"Oberlin, United States",41.2939386,-82.2173785,35
"Petrozavodsk, Russian Federation",61.7900373,34.3900084,35
"Albany, United States",42.6511674,-73.7549679,36
"Heidelberg, Germany",49.4093582,8.694724,34
"South Shields, United Kingdom",54.9987414,-1.4321847,34
"West Clandon, United Kingdom",51.2607921,-0.5041173,34
Guernsey,49.46229125,-2.58120215033,34
"Muncie, United States",40.1936683,-85.3865113,34
"Royal Tunbridge Wells, United Kingdom",51.1371483,0.2673446,34
"Sudbury, Suffolk, United Kingdom",52.0386628,0.7296722,34
"Victoria, British Columbia, Canada",48.4283327,-123.3649268,45
"Malaga, Spain",36.721086,-4.4220023,34
"Chester, United Kingdom",53.1908873,-2.8908954,34
"Great Bookham, Dorking, United Kingdom",51.232113,-0.3247822,52
"Montacute, United Kingdom",50.9492317,-2.7160531,33
"Makhachkala, Russian Federation",42.97554,47.4961218,33
"Amiens, France",49.8941708,2.2956951,33
"Montauban, France",44.0175835,1.3549991,33
"Orléans, France",47.9027336,1.9086066,32
"Taganrog, Russian Federation",47.2136896,38.903365,32
"Portland, Oregon, United States",45.5202471,-122.6741948,32
"Newport News, Virginia, United States",37.016827,-76.4505195,32
"Verona, Italy",45.4384958,10.9924122,32
"Ajaccio, France",41.9263991,8.7376029,32
"Southampton, New York, United States",40.884267,-72.3895295,32
"Montargis, France",47.9990047,2.7364119,32
"Arbroath, United Kingdom",56.5578653,-2.5862077,32
"Mannheim, Germany",49.489591,8.467236,32
"Blickling, United Kingdom",52.8099215,1.2259634,32
"St Helier, Jersey",49.1856637,-2.1102276,34
"Dyrham, United Kingdom",51.4819441,-2.3799691,31
"Llandudno, United Kingdom",53.322475,-3.824325,31
"Martigues, France",43.4057279,5.0548176,31
"Tours, France",47.3900474,0.6889268,31
"Rostov-on-Don, Russian Federation",47.2249135,39.7022756,31
"Valparaiso, Chile",-33.0458455,-71.6196748,31
"Hamilton, United Kingdom",55.7759095,-4.0334419,30
"Voronezh, Russian Federation",51.6548797,39.212949,30
"Worthing, United Kingdom",50.8116902,-0.3703947,30
"Leighton Buzzard, United Kingdom",51.9172564,-0.6583481,30
"Whitaker, United Kingdom",53.8096504,-2.298131,30
"Chatsworth, United Kingdom",51.5678011,0.579638,30
"Lynchburg, Virginia, United States",37.40088,-79.1844922946,30
"Rockland, Maine, United States",44.104352,-69.1081239,30
"Annan, United Kingdom",54.9882208,-3.2604129,30
"Jacksonville, Florida, United States",30.3321838,-81.6556509,30
"Quimper, France",47.9960325,-4.1024781,30
"Dorchester, United Kingdom",50.7111314,-2.4398485,30
"Wrexham, United Kingdom",53.0465068,-2.9938136,29
"Darlington, United Kingdom",54.5352721,-1.55332700062,29
"Malmö, Sweden",55.6052931,13.0001566,29
"Monmouth, United Kingdom",51.8098882,-2.716044,29
"Lincoln, Nebraska, United States",40.8,-96.6678209,29
"Inverness, United Kingdom",57.4790124,-4.2257389,29
"Poltava, Ukraine",49.5897423,34.5507948,29
"Wigan, United Kingdom",53.5457188,-2.6264623,29
"Hudson, New York, United States",42.2528649,-73.7909589,29
"Maser, Italy",45.807541,11.9724872,29
"Ferrara, Italy",44.8371856,11.6186451,29
"Ples, Russian Federation",57.4591866,41.5113544,29
"Cheboksary, Russian Federation",56.1307584,47.2446994,29
"Haslemere, United Kingdom",51.0876062,-0.7097767,28
"Ulan-Ude, Russian Federation",51.8357478,107.583657,28
"Shelburne, Vermont, United States",44.380803,-73.2276539,28
"Lugansk, Ukraine",48.5674507,39.2912928,28
"Bramdean, United Kingdom",51.0477273,-1.1258429,28
"Sibiu, Romania",45.7973912,24.1519202,28
"Beverley, United Kingdom",53.8425488,-0.4315676,28
"Canajoharie, New York, United States",42.9056288,-74.5718072,28
"St. Louis, Missouri, United States",38.6272733,-90.1978888,38
"Assisi, Italy",43.0711952,12.6146669,28
"Altenburg, Germany",50.9852411,12.4340988,28
"Stockport, United Kingdom",53.407901,-2.1602429,28
"Maybole, United Kingdom",55.3535872,-4.6843309,28
"Prato, Italy",43.880598,11.0969262,27
"Canterbury, United Kingdom",51.2800275,1.0802533,27
"Montrose, United Kingdom",56.7124645,-2.4676098,27
"Dordrecht, Netherlands",51.7689546,4.68678905674,27
"Montclair, New Jersey, United States",40.8259332,-74.2090343,27
"Arrington, United Kingdom",52.1349573,-0.0629219,27
"Williamsburg, Virginia, United States",37.2707028,-76.7074501,27
"Kursk, Russian Federation",51.72703565,36.1922479569,27
"Bloomington, IN, United States",39.1670396,-86.534288,31
"Clevedon, United Kingdom",51.4360625,-2.852653,27
"Khabarovsk, Russian Federation",48.481402,135.07694,27
"Rothbury, United Kingdom",55.309632,-1.9117292,27
"Accrington, Greater Blackburn, United Kingdom",53.7541156,-2.3655433,26
"Yekaterinburg, Russian Federation",56.8391034,60.6082502,26
"Seville, Spain",37.3886303,-5.995317,26
"Winchester, VA, United States",39.1852184,-78.1652403,26
"Madison, United States",43.074761,-89.3837612,28
"Münster, Germany",51.9501317,7.61330165026,27
"Peterborough, United Kingdom",52.5738875,-0.24167,26
"Vladikavkaz, Russian Federation",43.0245952,44.6821104,26
"Bodmin, United Kingdom",50.470725,-4.7243204,26
"Pau, France",43.2957547,-0.3685667,26
"Chelyabinsk, Russian Federation",55.1598408,61.4025547,26
"Newstead Village, United Kingdom",55.5998126,-2.6961649,25
"Berdyansk, Ukraine",46.9782791,36.78080592,25
"Bonn, Germany",50.735851,7.10066,25
"Stalybridge, Greater Manchester, United Kingdom",53.4840214,-2.0562535,25
"Duluth, Minnesotta, United States",46.7729322,-92.1251217,32
"Athens, Georgia, United States",33.9550905,-83.3881867,25
"Manchester, New Hampshire, United States",42.9956397,-71.454789,25
"Fredericton, New Brunswick, Canada",45.9646491,-66.6437528,25
"Watford, United Kingdom",51.6553875,-0.3957424,25
"Durham, United Kingdom",54.7764152,-1.5758538,25
"Fredericksburg, Virginia, United States",38.3031837,-77.4605398,25
"Lauder, United Kingdom",55.7192073,-2.747782,25
"Horsham, United Kingdom",51.0659819,-0.3189487,24
"Kochel am See, Germany",47.6531098,11.3631895,24
"Kherson, Ukraine",46.65086815,32.6023027992,24
"Marseille, France",43.2961743,5.3699525,24
"Saint-Quentin, France",49.8486111,3.2863888,24
"Ulyanovsk, Russian Federation",54.3107593,48.3642771,24
"Brunswick, Maine, United States",43.9145244,-69.9653277,24
"Austin, United States",30.2711286,-97.7436994,42
"Kingston upon Thames, United Kingdom",51.4096275,-0.306262,24
"Letchworth Garden City, United Kingdom",51.9767243,-0.2305198,24
"Seaton Sluice, United Kingdom",55.0840248,-1.4731801,23
"Lewes, United Kingdom",50.8741265,0.0121129,23
"Monhegan Island, Maine, United States",43.76526565,-69.3133411096,23
"Alupka, Russian Federation",44.4204046,34.0483715,24
"Mexico City, Mexico",19.4326009,-99.1333415,29
"Grimsby, United Kingdom",53.5677371,-0.0736288,23
"Almaty, Kazakhstan",43.21984255,76.9183518875,23
"Saransk, Russian Federation",54.1867088,45.1838307,23
"Bayonne, France",43.4933379,-1.4750989,23
"Perugia, Italy",43.1119613,12.3890104,23
"West Palm Beach, Florida, United States",26.7153425,-80.0533745,23
"Charlecote, United Kingdom",52.2082377,-1.6143891,23
"Taunton, United Kingdom",51.015024,-3.1029809,22
"Linz, Austria",48.3059078,14.286198,22
"Grand Rapids, Michigan, United States",42.9632405,-85.6678638,22
"Cortona, Italy",43.2752976,11.9850623,22
"Serpukhov, Russian Federation",54.9155247,37.4195533,22
"Richmond, Indiana, United States",39.8286897,-84.889852,22
"St Moritz, Switzerland",46.4960592,9.8386578,22
"Welshpool, United Kingdom",52.6600742,-3.1474211,22
"Newark-on-Trent, United Kingdom",53.0781867,-0.8100706,28
"Lacock, United Kingdom",51.413844,-2.120872,21
"Volgograd, Russian Federation",48.7106765,44.5168022,21
"Weimar, Germany",50.9802813,11.3290855,21
"Camberley, United Kingdom",51.3392845,-0.746098,21
"Veliky Novgorod, Russian Federation",58.5209862,31.2757862,21
"Purchase, New York, United States",41.0409305,-73.7145745,21
"Tbilisi, Georgia",41.6935247,44.8015019,21
"Angers, France",47.4739884,-0.5515587,21
"Maastricht, Netherlands",50.85798545,5.69698818182,21
"Greensburg, United States",40.3014581,-79.5389288,20
"Ditchling, United Kingdom",50.9211934,-0.1143214,20
"Anglesey, United Kingdom",53.2783197,-4.33147237085,20
"Nuneaton, United Kingdom",52.5246182,-1.4684487,20
"Krasnoyarsk, Russian Federation",56.0082657,92.8706219,20
"Columbia, South Carolina, United States",34.0007493,-81.0343312,20
"Shrivenham, United Kingdom",51.5979927,-1.6608616,20
"Sewerby, United Kingdom",54.1009582,-0.1658485,20
"Mantua, Italy",45.1566683,10.7917191,32
"New Brunswick, United States",40.4862174,-74.4518172,26
"Brescia, Italy",45.5399392,10.2204897,20
"Ponce, Puerto Rico, United States",18.011564,-66.6139579,31
"Leeuwarden, Netherlands",53.1997344,5.80065308992,20
"Poughkeepsie, New York, United States",41.7065779,-73.92841,20
"Columbus, Georgia, United States",32.4609764,-84.9877093,20
"Lawrence, Kansas, United States",38.9719384,-95.2359495,20
Germany,51.0834196,10.4234469,20
"Bideford, United Kingdom",51.0181448,-4.2064222,20
"Kingston, Canada",44.2298484,-76.4802834,19
"Cowes, United Kingdom",50.7576505,-1.30356941061,19
"Chichester, West Sussex, United Kingdom",50.84467705,-0.783114331619,30
"Wichita, Kansas, United States",37.6922361,-97.3375447,19
"Modena, Italy",44.6458885,10.9255707,19
"Ringwood East, Australia",-37.8130807,145.2530126,19
"Waterville, Maine, United States",44.5520105,-69.631712,19
"Doylestown, Pennsylvania, United States",40.310004,-75.1304839,19
"Tuscaloosa, United States",33.2668398,-87.4862181,22
"Aarau, Switzerland",47.3927146,8.0444448,19
"El Paso, Texas, United States",31.7600372,-106.4872869,19
"Arras, France",50.291048,2.7772211,19
"Blue Mountain Lake, United States",43.8553412,-74.443493,19
"Saffron Walden, United Kingdom",52.021569,0.2411256,19
"Tomsk, Russian Federation",56.4887123,84.9523238,19
"Tacoma, Washington, United States",47.2495798,-122.4398745,19
"Middlesbrough, United Kingdom",54.5760419,-1.2344046,19
"Reading, Pennsylvania, United States",40.335345,-75.9279494,19
"Farnham, United Kingdom",51.2151749,-0.7984853,19
"Hertford, United Kingdom",51.7957409,-0.0785209,18
"Savannah, Georgia, United States",32.0835407,-81.0998341,28
"Aix-en-Provence, France",43.5298424,5.4474738,18
"Honfleur, France",49.4197222,0.2338889,18
"Nimes, France",43.8374249,4.3600687,18
"Hoorn, Netherlands",52.62254545,5.06772658815,18
"Salem, Massachusetts, United States",42.5195292,-70.8967225,18
"Grasmere, United Kingdom",54.4593879,-3.0243656,18
"Davos, Switzerland",46.7961744,9.8237266,18
"Saltash, United Kingdom",50.4072966,-4.2093028,17
"Chirk, United Kingdom",52.9320109,-3.0563859,17
"Newport, Rhode Island, United States",41.4899827,-71.3137706,18
"Phoenix, Arizona, United States",33.4485866,-112.0773455,17
"Leiden, Netherlands",52.1518157,4.48110886662,17
"Melrose, United Kingdom",55.5975944,-2.7199681,17
"Colmar, France",48.0777517,7.3579641,17
"Little Rock, United States",34.7464809,-92.2895947,17
"Rybinsk, Russian Federation",58.0503742,38.8346364,17
"Yarpole, United Kingdom",52.2797379,-2.7798621,17
"Vicenza, Italy",45.5488306,11.5478825,17
"Pereslavl-Zalessky, Russian Federation",56.7366104,38.8462821,17
"Groningen, Netherlands",53.2217925,6.5582453348,17
"New Paltz, New York, United States",41.7464972,-74.0844893,17
"Long Melford, United Kingdom",52.0715603,0.7153823,17
"South Hadley, Massachusetts, United States",42.2584245,-72.5745331,17
"Warwick, United Kingdom",52.2850815,-1.5785411,17
"Nashville, Tennessee, United States",36.1622296,-86.774353,19
"Uppsala, Sweden",59.8594126,17.64112,16
"Haworth, United Kingdom",53.83061125,-1.9507938345,16
"Bishkek, Kyrgyzstan",42.8767446,74.6069949,16
"Great Falls, Montana, United States",47.5048851,-111.2918907,16
"Dortmund, Germany",51.5142273,7.4652789,16
"Kiel, Germany",54.3216753,10.1371858,16
"Lowestoft, United Kingdom",52.4766308,1.7537638,16
"Chattanooga, Tennessee, United States",35.0456297,-85.30968,16
"Innerleithen, United Kingdom",55.6190744,-3.0633842,16
"Maesteg, United Kingdom",51.6034032,-3.6535281,16
"Rīga, Latvia",56.9716562,24.1665986021,29
"Aarhus, Denmark",56.1496278,10.2134046,16
"Gdansk, Poland",54.3482259,18.6542888,16
"Llangollen, United Kingdom",52.9694033,-3.171111,16
"Autun, France",46.9510313,4.2989478,16
"Greenville, South Carolina, United States",34.851354,-82.3984881,21
"Drumoak, United Kingdom",57.0824014,-2.3466509,15
"Kaunas, Lithuania, Lithuania",54.89405595,23.9166901024,15
"Huntington, West Virginia, United States",38.4192496,-82.4451539,15
"Santa Ana, California, United States",33.7494951,-117.8732212,15
"Alloa, United Kingdom",56.1156137,-3.7922422,15
"Vladivostok, Russian Federation",43.1150678,131.8855768,15
"Llanelli, United Kingdom",51.6797331,-4.1620222,15
"Lydiard Tregoze, United Kingdom",51.5411081,-1.85882369435,15
"Shrewsbury, United Kingdom",52.7078866,-2.7540093,15
"Helena, Montana, United States",46.5927122,-112.0361089,15
"Athens, Greece",37.9841493,23.7279843,19
"Jegenstorf, Switzerland",47.0498143,7.5085719,15
"Gloucester, Massachusetts, United States",42.6159286,-70.6619887,17
"Cooperstown, New York, United States",42.7006303,-74.9243209,15
"Brest, France",48.3905283,-4.4860087,15
"Enniskillen, United Kingdom",54.3448538,-7.6389364,15
"Oshawa, Canada",43.9172764,-78.8614873,15
"Alcester, United Kingdom",52.2176183,-1.8684417,14
"Roma, Italy",41.8935085,12.4825526,14
"Gudhjem, Denmark",55.2112235,14.9704119,14
"Dagenham, United Kingdom",51.5413271,0.1481142,14
"Smolensk, Russian Federation",54.77897005,32.0471812192,14
"Pskov, Russian Federation",57.8173995,28.3343684,14
"Provincetown, MA, United States",42.058436,-70.1786374,16
"Skipton, United Kingdom",53.9618497,-2.0160286,14
"Mintlaw, United Kingdom",57.5233046,-2.0049863,14
"Regensburg, Germany",49.0195333,12.0974869,14
"Schweinfurt, Germany",50.0499945,10.233302,14
Belgium,50.6407351,4.66696,14
"Khanty-Mansiisk, Russian Federation",61.0034602,69.0191573,14
"Coniston, Cumbria, United Kingdom",54.3686401,-3.0751134,14
"Hove, United Kingdom",50.8286917,-0.1745743,14
"Stockton-on-Tees, United Kingdom",54.564094,-1.3129163,14
"Laguna Beach, California, United States",33.5420888,-117.7834146,14
"Retford, United Kingdom",53.3187417,-0.9463981,14
"Auckland, New Zealand, New Zealand",-36.8534664,174.7655514,14
"Scunthorpe, United Kingdom",53.5918186,-0.6498696,14
"Haverfordwest, United Kingdom",51.8023297,-4.9651073,14
"St. Gallen, Switzerland",47.4250593,9.3765878,14
"Dartmouth, United Kingdom",50.3514839,-3.5838439,13
"Kelmarsh, United Kingdom",52.4087035,-0.9167241,13
"Arnhem, Netherlands",52.0056642,5.87623450776,13
"Saint-Omer, France",50.7519911,2.2536678,13
"Darmstadt, Germany",49.872775,8.651177,13
"Vesoul, France",47.6236088,6.1566367,13
"Tallinn, Estonia",59.4372155,24.7453688,13
"Aschaffenburg, Germany",49.9740542,9.1493636,13
"Stavroupoli, Greece",41.1989907,24.7063601,13
"Luxembourg, Luxembourg",49.8158683,6.1296751,13
"Tashkent, Uzbekistan",41.3123363,69.2787079,13
"Gorno-Altaisk, Russian Federation",51.9577738,85.9641795,13
"Ann Arbor, Michigan, United States",42.2681569,-83.731229,13
"Brisbane, Australia",-27.4689681,153.0234991,13
"Orenburg, Russian Federation",51.7674507,55.0971196,13
"Treviso, Italy",45.6658505,12.2455414,13
"Kestle Mill, United Kingdom",50.3936371,-5.0251037,13
"Buscot Park, England",51.66955355,-1.65003736108,12
"Oklahoma City, Oklahoma, United States",35.4729886,-97.5170535,12
"Ivanovo, Russian Federation",56.9984452,40.9737394,12
"Chambéry, France",45.5662672,5.9203636,12
"High Wycombe, United Kingdom",51.627422,-0.7484152,12
"Strangford, United Kingdom",54.3705992,-5.5561415,12
"Near Sawrey, United Kingdom",54.3526962,-2.97015663052,12
"Randers, Denmark",56.4800019,10.0891444,12
"Nice, France",43.7009358,7.2683912,12
"Dunster, United Kingdom",51.1827657,-3.447605,12
"Cults, United Kingdom",57.1179511,-2.1766874,12
"Chastleton, United Kingdom",51.9599665,-1.6409203,12
"Braemar, United Kingdom",57.0070229,-3.398565,12
"Christchurch, United Kingdom",50.7344198,-1.7651199,12
"Des Moines, Iowa, United States",41.5910641,-93.6037148,13
"Syktyvkar, Russian Federation",61.7411382,50.7258324314,12
"Würzburg, Germany",49.79245,9.932966,13
"Chawton, United Kingdom",51.1266817,-1.00679248872,12
"West Hartford, United States",41.7620447,-72.7420398,12
"Freiburg, Germany",47.9960901,7.8494005,12
"Belgrade, Serbia",44.8178787,20.4568089,21
"Urbino, Italy",43.7262608,12.6363135,11
"Bolham, United Kingdom",50.9239854,-3.494348,11
"Hiroshima, Japan",34.3916058,132.4518156,11
"Armidale, New South Wales, Australia",-30.41250485,151.94013984,11
"Braintree, United Kingdom",51.8790108,0.5501584,11
"Syracuse, New York, United States",43.0481221,-76.1474243,11
"South Bend, Indiana, United States",41.6833813,-86.2500065,11
"Pontypool, United Kingdom",51.7026571,-3.032751,11
"Macclesfield, United Kingdom",53.2606635,-2.1255157,11
"Ilkeston, United Kingdom",52.9710869,-1.3071709,11
"Oldenburg, Germany",53.1389753,8.2146017,11
"Buxton, United Kingdom",53.2594074,-1.9100767,11
"Peebles, United Kingdom",55.6517553,-3.1885455,11
"Pesaro, Italy",43.9098114,12.9131228,11
"Orvieto, Italy",42.7186152,12.1087907,11
"Flensburg, Germany",54.7833021,9.4333264,11
"Anstruther, United Kingdom",56.2231279,-2.7004835,11
"Chisinau, Republic of Moldova",47.0122737,28.8605936,11
"Tromsø, Norway",69.6492969,18.9548489,11
"Halle, Germany",51.4277972,8.2980833,11
"Innsbruck, Austria",47.2654296,11.3927685,11
"Calgary, Alberta, Canada",51.02532675,-114.049868389,11
"Cirencester, United Kingdom",51.7170188,-1.9685298,11
"Ballarat, Victoria, Australia",-37.5622631,143.8607215,11
"Liège, Belgium",50.6451381,5.5734203,21
"Bridport, United Kingdom",50.733785,-2.7589004,11
"Ipswich, Massachusetts, United States",42.679273,-70.8411582,11
"Ljubljana, Slovenia",46.049865,14.5068921,11
"Tregynon, United Kingdom",52.5789833,-3.3327167,11
"Mâcon, France",46.3036683,4.8322266,11
"Greifswald, Germany",54.095791,13.3815238,11
"New London. Connecticut, United States",41.3556539,-72.0995208,11
"Farmington, Connecticut, United States",41.7198216,-72.8320434,10
"Enfield, United Kingdom",51.6517122,-0.083214,10
"Mildura, Victoria, Australia",-34.1847264,142.1624972,10
"Allentown, United States",40.6022059,-75.4712793,10
"Swindon, United Kingdom",51.5613683,-1.7856852,10
"Yakutsk, Russian Federation",62.0272867,129.732089,10
"Waltham Abbey, United Kingdom",51.6892068,-0.0009448,10
"Goslar, Germany",51.9059936,10.4266284,10
"Saarbrucken, Germany",49.234362,6.996379,10
"Chadds Ford, Pennsylvania, United States",39.8717773,-75.5913177,10
"Henley-on-Thames, United Kingdom",51.5375786,-0.9050286,10
"Johannesburg, South Africa",-26.2049999,28.049722,10
"Viareggio, Italy",43.8672392,10.2506055,10
"Beauvais, France",49.4409001,2.0866699,10
"Perth, Australia",-31.952712,115.8604796,10
"Tel Aviv, Israel",32.0804808,34.7805274,11
"Luton, United Kingdom",51.89107295,-0.42303030762,10
"Saint-Tropez, France",43.2727191,6.6405225,10
"Iowa City, Iowa, United States",41.6612561,-91.5299105,10
"Tournai, Belgium",50.60566,3.3878259,10
"Le Mans, France",48.0077781,0.1995339,10
"Erfurt, Germany",50.9777974,11.0287364,10
"Moulins, France",46.566142,3.333179,10
"Perpignan, France",42.6953868,2.8844713,10
"Pittsfield, Massachusetts, United States",42.4500967,-73.2453784,10
"Leuven, Belgium",50.879202,4.7011675,10
"Huntington, New York, United States",40.868154,-73.4256759,10
"Galmpton, United Kingdom",50.2497086,-3.8367701,10
"Sitges, Spain",41.2366707,1.8228136,10
"Pisa, Italy",43.7159395,10.4018624,10
"Gunby, United Kingdom",53.1786612,0.1965437,10
"Devizes, United Kingdom",51.3525546,-1.9959052,10
"Pori, Finland",61.4867236,21.7910016,9
"Santiago, Chile",-33.4377967,-70.650445,9
Jersey,49.21230655,-2.12559985964,9
"Deerfield, Massachusetts, United States",42.5453345,-72.6046808,9
"Vrboska, Croatia",43.1807021,16.6716111,9
"Verdun, France",49.1589278,5.3867277,9
"Esztergom, Hungary",47.7857051,18.7403659,9
"Muskegon, Michigan, United States",43.2341813,-86.248392,9
"Augsburg, Germany",48.3668041,10.8986971,9
"Miami, Florida, United States",25.7742658,-80.1936588,9
"Huntingdon, United Kingdom",52.3314292,-0.1847722,9
"Daventry, United Kingdom",52.2574393,-1.1639597,9
"Snape, United Kingdom",52.1695036,1.5004691,9
"Glens Falls, New York, United States",43.309941,-73.6444469,9
"La Rochelle, France",46.1591126,-1.1520433,9
"San Gimignano, Italy",43.4677993,11.0432115,9
"Duxbury, Massachusetts, United States",42.0417695,-70.6722589,9
"Lodz, Poland",51.7687323,19.4569911,9
"Lubeck, Germany",53.866444,10.684738,17
"Solothurn, Switzerland",47.2081355,7.5384045,9
"Neuchatel, Switzerland",46.9895828,6.9292641,9
"Chorley, United Kingdom",53.6531979,-2.6294741,9
"Piacenza, Italy",45.0534751,9.6947461,9
"Poole, United Kingdom",50.74018055,-1.95377373524,9
"Debrecen, Hungary",47.531399,21.6259782,9
"Cherepovets, Russian Federation",59.1286965,37.9163892,9
"Caernarfon, United Kingdom",53.1390298,-4.2691852,9
"Rochester, United Kingdom",51.389062,0.5049347,9
"Ribe, Denmark",55.3284036,8.7647838,9
"Owen Sound, Ontario, Canada",44.568948,-80.9493259,9
"Tambov, Russian Federation",52.72879,41.4553617,9
"Mottisfont, United Kingdom",51.0471655,-1.54274770461,9
"Den Haag, Netherlands",52.07494555,4.26968032054,9
"Blois, France",47.5876861,1.3337639,8
France,46.603354,1.8883335,8
"Novokuznetsk, Russian Federation",53.7576081,87.1360984,8
"Fano, Italy",43.8424173,13.0146632,8
"Stranraer, United Kingdom",54.9023513,-5.0270569,8
"Laurel, Mississippi, United States",31.739966,-89.132658587,8
"Norton Fitzwarren, United Kingdom",51.0266956,-3.1500971,8
"Arlington, United Kingdom",50.8458768,0.191918,8
"Aachen, Germany",50.776351,6.083862,8
"Orpington, United Kingdom",51.3805859,0.1063469,8
"Teignmouth, United Kingdom",50.5462698,-3.4959272,8
"Tivoli, United States",42.058528,-73.9089129,8
"Quatt, United Kingdom",52.4911694,-2.3609672,8
"Littlehampton, United Kingdom",50.8122039,-0.5366908,8
"New Bedford, Massachusetts, United States",41.6362152,-70.9342049,8
"Nunnington, United Kingdom",54.2050678,-0.980994365049,8
"San Juan, Puerto Rico",18.38423905,-66.0534398736,8
"Bedford, United States",40.0271453,-78.5237446,8
"Charlotte, North Carolina, United States",35.2270869,-80.8431267,8
"Orange, Texas, United States",30.1228634,-93.9041168,8
"Mulhouse, France",47.7494188,7.3399355,8
"Zug, Switzerland",47.1679898,8.5173652,8
"Norrköping, Sweden",58.5909124,16.1903511,8
"Saint Paul, Minnesota, United States",44.9504037,-93.1015025,8
"Edmonton, Alberta, Canada",53.5343609,-113.5065084,9
"Lucca, Italy",43.8428381,10.502876,8
"Mulheim an der Ruhr, Germany",51.4272925,6.8829192,8
"Tucson, Arizona, United States",32.2217422,-110.9264758,8
"Baku, Azerbaijan",40.3754289,49.8328549,8
"Wroclaw, Poland",51.1089776,17.0326689,12
"Carcassonne, France",43.2130358,2.3491069,8
"Chapel Hill, United States",35.9131996,-79.0558444,8
"Hawick, United Kingdom",55.4247118,-2.7845277,8
"Taplow, United Kingdom",51.5304391,-0.6889288,8
"Abingdon, United Kingdom",51.6714842,-1.2779714,8
"East Grinstead, West Sussex, United Kingdom",51.1322179,-0.011766,8
"Winnipeg, Manitoba, Canada",49.8833343,-97.166674,8
"Pavia, Italy",45.1860043,9.1546375,8
"Soissons, France",49.3816667,3.3236111,8
"Bayeux, France",49.2764624,-0.7024737,8
"St Joseph, United States",39.7686055,-94.8466321,8
"Boulogne-sur-Mer, France",50.7259985,1.6118771,8
"Clermont-Ferrand, France",45.7774551,3.0819427,7
"Kolkata, India",22.5677459,88.3476023,7
"Castelfranco Veneto, Italy",45.6728109,11.9252448,7
"Solingen, Germany",51.1712468,7.0838996,7
"Dunfermline, United Kingdom",56.0714428,-3.4591479,7
"Santa Fe, New Mexico, United States",35.6869996,-105.9377996,7
"Biggar, United Kingdom",55.6244917,-3.5215794,7
"Vernon, France",49.0917814,1.4886571,7
"Haifa, Israel",32.8191218,34.9983856,7
"Davenport, Iowa, United States",41.5236436,-90.5776367,7
"Trondheim, Norway",63.4305658,10.3951929,7
"Shreveport, Louisiana, United States",32.5221828,-93.7651943,7
"Barnstaple, United Kingdom",51.0804057,-4.0600466,7
"Havana, Cuba",23.1379911,-82.3658561,8
"Llandeilo, United Kingdom",51.8853935,-3.9925143,7
Bermuda,32.3018217,-64.7603582,7
"Kirkwall, United Kingdom",58.9818247,-2.958726,7
"Montserrat, Spain",39.3576494,-0.6030999,7
"Campbeltown, United Kingdom",55.4282582,-5.6029616,7
"Deleware, United States",30.846397,-95.4402689,7
"Scottsdale, Arizona, United States",33.5091215,-111.8992364,7
"Lugano, Switzerland",46.0050102,8.9520281,7
"Allendale, Michigan, United States",42.9722455,-85.9536534,7
"Espoo, Finland",60.2241869,24.6603626,7
"Atami, Japan",35.08992,139.059891,7
"St. Augustine, Florida, United States",29.8946952,-81.3145394,8
"Hagerstown, Maryland, United States",39.6419219,-77.720264,7
"Pomona, California, United States",34.0553813,-117.7517495,7
"Ostend, Belgium",51.19996685,2.87227558236,7
"Ramsgate, United Kingdom",51.3344829,1.4227153,7
"Cremona, Italy",45.1346168,10.0251103,7
"Bewdley, United Kingdom",52.3754763,-2.3162407,7
"Rufford, United Kingdom",53.1754207,-1.0384786,7
"Rye, United Kingdom",50.9511871,0.7327667,7
"Chertsey, United Kingdom",51.392296,-0.5038293,7
"Lempertz, Germany",50.9357064,6.9495261,7
"Topeka, Kansas, United States",39.0490111,-95.6775556,7
"Yelverton, United Kingdom",52.5706177,1.3800223,7
"Watchet, United Kingdom",51.179892,-3.3306406,7
"Wells, United Kingdom",51.2091902,-2.6470657,7
"Bryansk, Russian Federation",53.2423778,34.3668288,7
"Sochi, Russian Federation",43.5854823,39.723109,7
"Gorlovka, Ukraine",48.3338727,38.0124050923,7
"Colorado Springs, Colorado, United States",38.8339578,-104.8253484,6
"Capetown, South Africa",-33.9224047,18.4157172,6
"Yalta, Russian Federation",53.8875508,40.4753948,6
"Delft, Netherlands",51.9994572,4.36272453854,6
"Vitebsk, Belarus",55.1930197,30.2070437,6
"Champaign, Illinois, United States",40.1164205,-88.2433828,6
"Poitiers, France",46.5802596,0.340196,6
"Nagoya, Japan",35.15792,136.90448,6
"Lillehammer, Norway",61.14069865,10.432370534,6
"Senlis, France",49.2065404,2.5846582,6
"Gray, France",47.445541,5.592143,6
"St. Pölten, Austria",48.2043985,15.6229118,6
Isle of Man,54.2358167,-4.5145986457,6
"Columbia, Missouri, United States",38.951883,-92.3337365,6
"Valparaiso, United States",41.4730948,-87.0611411,6
"Uzhhorod, Ukraine",48.6223502,22.3021255,6
"Palermo, Italy",38.11127,13.3534422,6
"Cordoba, Spain",37.8845065,-4.7793654,6
"Alkmaar, Netherlands",52.63373645,4.74020319368,6
"Dinton, United Kingdom",51.7905964,-0.8929425,6
"Slough, United Kingdom",51.5111014,-0.5940681,6
"Istanbul, Turkey",41.0096334,28.9651646,6
"East Hampton, New York, United States",40.9637919,-72.1851728,6
"Sackville, Canada",45.8999177,-64.3655255,6
"Newcastle-under-Lyme, United Kingdom",53.0088256,-2.2332497,6
"Boston, United Kingdom",52.9770408,-0.0239835,6
"Great Yarmouth, United Kingdom",52.6072426,1.7310768,6
"Edenkoben, Germany",49.282236,8.1284357,6
"Storrs, Connecticut, United States",41.8084314,-72.249523,6
"Bourges, France",47.0805693,2.398932,6
"Schleswig, Germany",54.51851,9.5653284,6
"Hokkaido, Japan",43.43395355,142.951446774,6
"Maryland, United States",39.5162234,-76.9382068,6
"Monterey, California, United States",36.600256,-121.8946387,7
"Canyon, Texas, United States",34.9799898,-101.9191852,6
"Lesi, Italy",45.8657468,11.0748676,6
"Trenton, New Jersey, United States",40.217058,-74.7429459,6
"Benthall, United Kingdom",52.6160776,-2.4924832,6
"Woburn, Bedfordshire, United Kingdom",51.9887573,-0.6194405,6
"Long Beach, California, United States",33.78538945,-118.158049215,6
"Metz, France",49.1196964,6.1763552,6
"Rostock, Germany",54.14736345,12.1090155999,6
"Kurashiki, Japan",34.584474,133.774635,6
"Bridgwater, United Kingdom",51.1283378,-3.0037045,6
"Bratislava, Slovakia",48.1359085,17.1597440625,5
"Elista, Russian Federation",46.3069981,44.2701877,5
"Marburg, Germany",50.8117327,8.7757742,5
"Turku, Finland",60.4517531,22.2670522,5
"Messina, Italy",38.1937571,15.5542082,5
"Wellington, United Kingdom",52.7000357,-2.5176602,5
"Baden, Switzerland",47.4736827,8.3086822,5
"Bexhill, United Kingdom",50.8424384,0.4675723,5
"Abergwili, United Kingdom",51.8655434,-4.2719008,5
"DeLand, Florida, United States",29.0195145,-81.2941416254,5
"Bari, Italy",41.1257843,16.8620293,5
"Mansfield, United Kingdom",53.1419377,-1.1985847,5
"Harvard, Massachusetts, United States",42.36782045,-71.1266617287,5
"Kielce, Poland",50.8717883,20.6308354,5
"Portadown, United Kingdom",54.4241327,-6.4412133,5
"Sainte Menehould, France",49.0904192,4.8967637,5
"Cobalt Business Park, United Kingdom",55.0233356,-1.5120223,5
"Pilsen, Czech Republic",49.7477415,13.3775249,5
"Loreto, Italy",43.440968,13.6087836,5
"Waterbury, Connecticut, United States",41.5581525,-73.0514965,5
"Vire, France",48.8517468,-0.887259345832,5
"St Etienne, France",45.4401467,4.3873058,6
"Lexington, Kentucky, United States",38.0464066,-84.4970392,6
"Leek, United Kingdom",53.1057636,-2.0242836,5
"Brno, Czech Republic",49.1922443,16.6113382,5
"Ladybank, United Kingdom",56.2781129,-3.1266164,5
"Enniscorthy, Ireland",52.5011493,-6.5674943,5
"Évreux, France",49.0183639,1.1375865,5
"Asheville, North Carolina, United States",35.6009498,-82.554016,5
"Recanati, Italy",43.4035085,13.5486016,5
"Chelmsford, United Kingdom",51.7345436,0.4724544,5
"Terre Haute, Indiana, United States",39.4667025,-87.4139118,5
"State College, Pennsylvania, United States",40.794026,-77.8606974,5
"Narbonne, France",43.182806,3.0043128,5
"Cholet, France",47.0617293,-0.8801348,5
"Cedar Rapids, Iowa, United States",41.9758872,-91.6704052,5
"Marciana, Italy",42.7894222,10.1685346,5
"Wellington, New Zealand, New Zealand",-41.2887638,174.7772239,5
"Riverside, United Kingdom",51.5205472,0.1081363,5
"Odense, Denmark",55.3997225,10.3852104,5
"Ullapool, United Kingdom",57.8978237,-5.1586646,5
"Newton Abbot, United Kingdom",50.5296441,-3.6112096,5
"Thetford, United Kingdom",52.4156001,0.748712,5
"Shoreham-by-Sea, West Sussex, United Kingdom",50.8344459,-0.2718588,5
"Murnau, Germany",47.6778816,11.2011903,5
"Limoges, France",45.8354243,1.2644847,5
"Rhyl, United Kingdom",53.3209267,-3.4912165,5
"Bregenz, Austria",47.5008652,9.7479477,5
"Kortrijk, Belgium",50.8276199,3.2659948,5
"Pully, Lausanne, Switzerland",46.51507275,6.65370464823,5
"Bielefeld, Germany",52.010877,8.540868,5
"Barrow-in-Furness, United Kingdom",54.1113351,-3.2289493,5
"Niort, France",46.3239455,-0.4645211,5
"Grasse, France",43.6589011,6.9239103,5
"Ilminster, United Kingdom",50.9266666,-2.9101249,5
"Duisburg, Germany",51.434999,6.759562,5
"Castres, France",43.6036776,2.2417954,5
"Chur, Switzerland",46.855515,9.5254066,5
"'s-Hertogenbosch, Netherlands",51.7099516,5.29191881792,5
"Stow-on-the-Wold, United Kingdom",51.9303426,-1.7230153,5
"Chaux-de-Fonds, Switzerland",47.103287,6.8324545,5
"Greenwich, Connecticut, United States",41.0264862,-73.6284597,5
"Béziers, France",43.341279,3.2166203,5
"Winter Park, Florida, United States",28.6000625,-81.3427437436,7
"Claremont, California, United States",34.0966764,-117.7197784,4
"Saltcoats, United Kingdom",55.6392811,-4.7796511,4
"Sorø, Denmark",55.4365822,11.5629363,4
"Lapworth, United Kingdom",52.3386071,-1.7606535,4
"Elmira, New York, United States",42.0897965,-76.8077337,4
"Charleroi, Belgium",50.4120332,4.4436244,4
"Kaposvar, Hungary",46.3560953,17.7877874,4
"Libourne, France",44.9133742,-0.2427216,4
"Folkestone, United Kingdom",51.0887105,1.1663557,4
"Sansepolcro Arezzo, Italy",43.5700776,12.1403766,4
"Bourg-en-Bresse, France",46.2051192,5.2250324,4
"Bordighera, Italy",43.7850512,7.6591094,4
"Keele, Staffordshire, United Kingdom",53.0038078,-2.2877424,4
"Kent, United Kingdom",51.2474823,0.7105077,4
"Vinnitsa, Ukraine",49.2320162,28.467975,4
"Rickmansworth, United Kingdom",51.6390009,-0.4718405,4
"Gotha, Germany",50.9462725,10.6945265,4
"Craigievar, United Kingdom",51.90458225,1.18990969188,4
Finland,63.2467777,25.9209164,4
"Montevideo, Uruguay",-34.9059038,-56.1913568,4
"Bendigo, Victoria, Australia",-36.7588766,144.2825931,4
"Vizille, France",45.0758358,5.7715863,4
"Bar-le-Duc, France",48.7736785,5.1621546,4
"Gainseville, Florida, United States",28.9713742,-82.4887545,4
"Krefeld, Germany",51.3331205,6.5623343,4
"Guelph, Ontario, Canada",43.546557,-80.2499769,4
"Vevey, Switzerland",46.4634985,6.8427295,4
"Hereford, United Kingdom",52.0553813,-2.7151734,4
"Waltham, Massachusetts, United States",42.3756401,-71.2358003,4
"Dole, France",47.0921047,5.4925463,4
"Keswick, United Kingdom",54.6009281,-3.1376089,4
"Førde, Norway",61.4622729,5.79429144609,4
"Christchurch, New Zealand",-43.5309549,172.6366455,4
"Brighouse, United Kingdom",53.702746,-1.7803372,4
"Carpentras, France",44.0554997,5.048752,4
"Hampton, Virginia, United States",37.0300969,-76.3452056,4
"Schwäbisch Hall, Germany",49.1123963,9.7369047,4
"Pontoise, France",49.0508845,2.1008067,4
"Riccarton, United Kingdom",55.95898845,-3.57256766491,4
"Clydebank, United Kingdom",55.9153078,-4.4096967,4
"Beckenham, United Kingdom",51.4070938,-0.0303182,4
"Bamburgh, United Kingdom",55.6074722,-1.7141345,4
"Nefyn, United Kingdom",52.9356211,-4.5191694,4
"Woking, United Kingdom",51.3201891,-0.5564725,4
"Volsk, Russian Federation",52.0427554,47.3860308,4
"Maldon, United Kingdom",51.731198,0.6791849,4
"Brechin, United Kingdom",56.7325485,-2.6588107,4
"Halifax, Canada",44.6491198,-63.5751339,6
"Hanbury, United Kingdom",52.2688447,-2.0527597,4
"Chemnitz, Germany",50.8322608,12.9252977,4
"Granada, Spain",37.1830197,-3.6021919,4
"Dover, United States",39.158168,-75.5243679,4
"Selborne, United Kingdom",51.1003062,-0.921242762879,4
"Mottistone, Isle of Wight, United Kingdom",50.6513187,-1.4262293,4
"Oxted, United Kingdom",51.2566507,-0.0041976,4
"Holborn, United Kingdom",51.5171149,-0.1200656,4
"Caesarea, Israel",32.5114971,34.9057861,4
"Miraflores, Peru",-12.12149795,-77.0259063168,4
"Sauchen, United Kingdom",57.188007,-2.4995188,4
"Carmarthen, United Kingdom",51.8591257,-4.3115906,4
"Ripon, United Kingdom",54.1368788,-1.5213193,5
"Bennington, Vermont, United States",42.8783183,-73.1971691,4
"Thames Ditton, United Kingdom",51.389182,-0.3290768,4
"Cricklade, United Kingdom",51.6414188,-1.8579413,4
"Vilnius, Lithuania",54.6870458,25.2829111,4
"Tenterden, United Kingdom",51.0700956,0.6888267,4
"Oxborough, Norfolk, United Kingdom",52.58254,0.5723137,4
"Drammen, Norway",59.7284584,10.1778206261,4
"Mount Vernon, Illinois, United States",38.3172715,-88.90312,4
"Kirkintilloch, United Kingdom",55.9351941,-4.145868,4
"Bamberg, Germany",49.8926723,10.8876149,4
"Germantown, New York, United States",42.1586775,-78.2802925,4
"Dennis, Massachusetts, United States",41.7353872,-70.1939086,4
"Swanage, United Kingdom",50.6086976,-1.957197,4
"Moneymore, United Kingdom",54.6920653,-6.6649674,4
"Newport Beach, California, United States",33.6170092,-117.92944,4
"Lerwick, United Kingdom",60.155451,-1.1468722,4
Austria,47.2000338,13.199959,4
"Veracruz, Mexico",19.333333,-96.6666669,4
"Sonderjylland, Denmark",55.0545994,9.42556188655,4
"Canton, Ohio, United States",40.7989522,-81.3784444,4
"Brecon, United Kingdom",51.9472577,-3.391653,4
"Memmingen, Germany",47.9867696,10.181319,4
"Downpatrick, United Kingdom",54.3279335,-5.7164899,4
"Woodstock, United Kingdom",51.8474887,-1.3545342,4
"Dunblane, United Kingdom",56.185001,-3.9627498,4
"Castellon de la Plana, Spain",39.9859953,-0.0374352,4
"Fort Wayne, Indiana, United States",41.0799898,-85.1386014,3
"Recife, Brazil",-8.064193,-34.8781516,3
"London, Ontario, Canada",42.988576,-81.2466429,3
"Runcorn, United Kingdom",53.3357763,-2.7318634,3
"Litchfield, Connecticut, United States",41.767249,-73.2543048,3
"Helston, United Kingdom",50.1016731,-5.2730319,3
"Palm Desert, California, United States",33.7288179,-116.382571,3
"Santa Clara, California, United States",37.3541132,-121.9551743,3
"Zaporizhia, Ukraine",46.4582887,34.8642856,3
"Newcastle, New South Wales, Australia",-32.927288,151.7812534,3
"Honesdale, Pennsylvania, United States",41.5767552,-75.258787,3
"Halberstadt, Germany",51.8926561,11.0554519,3
"San Simeon, California, United States",35.6438587,-121.1907532,3
"Geelong, Australia",-38.1492812,144.3598269,3
Tuscany),43.4586541,11.1389204,3
"The Town Hall Chambers, United Kingdom",51.75230765,-0.339410120037,3
"Deal, United Kingdom",51.2150789,1.4031552,3
"Assen, Netherlands",52.99037165,6.55337577068,3
"Deinze, Belgium",50.9840526,3.5274017,3
"Costessey, United Kingdom",52.6592947,1.2100682,3
"Beijing, China",39.9059631,116.391248,3
"Husum, Germany",54.4853638,9.0538156,3
"Saint Lo, France",49.1157004,-1.0906636,3
"Alcoa, Florida, United States",28.4470872,-81.495421,3
"Valletta, Malta",35.8989818,14.5136759,3
"Llandrindod Wells, United Kingdom",52.2405358,-3.3793803,3
"Swarthmore, Pennsylvania, United States",39.902057,-75.3499119,3
"Liberec, Czech Republic",50.7702648,15.0583947,3
"Kirkleatham, United Kingdom",54.59154725,-1.08931964462,3
"Braunton, United Kingdom",51.1083317,-4.1611379,3
"Conway, New Hampshire, United States",43.979475,-71.1206819,3
"Gloucestershire, United Kingdom",51.8333313,-2.1666673,3
"Ash Vale, United Kingdom",51.2684917,-0.7237212,3
"Lincoln, United Kingdom",53.2336301,-0.5392171,3
"Hawarden, United Kingdom",53.1847774,-3.0266606,3
"Kerrville, Texas, United States",30.0474332,-99.1403188,3
"Swaffham, United Kingdom",52.6481171,0.6909259,3
"Berkeley, United Kingdom",51.6913643,-2.4585246,3
"Washington, United Kingdom",54.898614,-1.5288269,3
"La Roche-sur-Yon, France",46.6705431,-1.4269697,3
"Goldendale, Washington, United States",45.8206794,-120.8217311,3
"Padiham, United Kingdom",53.7980615,-2.3107383,3
"Morlaix, France",48.5824932,-3.8331971,3
"Burwash, United Kingdom",50.9976003,0.3804027,3
"Epinal, France",48.1745653,6.449823,3
"Conwy, United Kingdom",53.14642505,-3.75913454222,3
"Concord, New Hampshire, United States",43.207106,-71.5370215,4
"Wallingford, United Kingdom",51.5982316,-1.1252157,3
"Nevers, France",46.9945997,3.1591285,3
"Southwold, United Kingdom",52.3256455,1.6809345,3
"Kozmodemyansk, Russian Federation",56.3324346,46.5462855,3
"Helensburgh, United Kingdom",56.0083612,-4.7320189,3
"Joanneum, Austria",47.068454,15.4376258294,3
"Beloit, Wisconsin, United States",42.5083272,-89.0317839,3
"Hastings-on-Hudson, New York, United States",40.9945421,-73.878746,3
"Lyndhurst, United Kingdom",50.8653408,-1.58145960839,3
"Gouda, Netherlands",52.01811935,4.7111221347,3
"Broadway, United Kingdom",52.0353825,-1.8618608,3
"Middlebury, Vermont, United States",44.014299,-73.1672289,3
"Lima, United States",40.742551,-84.1052255,3
"Berkeley, California, United States",37.8708393,-122.2728638,5
"Correggio, Italy",44.770561,10.7797829,3
"Knowle, United Kingdom",51.4337828,-2.5667464,3
"Wilton, United Kingdom",51.0805315,-1.860705,3
"Ogunquit, Maine, United States",43.2489755,-70.59922,3
"Burlington, Vermont, United States",44.4723989,-73.211494,3
"Windsor, United Kingdom",51.4814958,-0.6133182,3
"Emden, Germany",53.3670442,7.2058004,3
"Bartlesville, United States",36.7494864,-95.9782965,3
"Roubaix, France",50.6915893,3.1741734,3
"Town Centre, United Kingdom",51.7641189,-0.226135,4
"Pommersfelden, Germany",49.7672835,10.8179673,3
"Wideopen, United Kingdom",55.045797,-1.6217733,3
"Oviedo, Spain",43.3533424,-5.87951423953,3
"Channel Islands, Jersey",49.2352963,-2.16757055,3
"Ostrava, Czech Republic",49.8349139,18.2820084,3
"Yonkers, N.Y., United States",40.9312099,-73.8987468,3
"Pont-Aven, France",47.85474,-3.7462555,3
"Duren, Germany",50.8031684,6.4820806,3
"Vaduz, Liechtenstein",47.1392862,9.5227962,3
"Ligornetto, Switzerland",45.8623054,8.9524612,3
"Wilkes-Barre, Pennsylvania, United States",41.2464824,-75.8817315,3
"Volterra, Italy",43.400337,10.860019,3
"Llanystumdwy, United Kingdom",52.922637,-4.2712577,3
"New Hope, Pennsylvania, United States",40.3642728,-74.9512784,3
"Cambrai, France",50.1759602,3.2356613,3
"Prestonpans, United Kingdom",55.9593948,-2.98424,3
"Forli, Italy",44.2226017,12.0409384,3
"Toluca, Mexico",19.292545,-99.6569006,3
"Fitchburg, Massachusetts, United States",42.5834228,-71.8022955,3
"Algiers, Algeria",28.0000272,2.9999825,3
"Louviers, France",49.2157245,1.1646335,3
"Aalborg, Denmark",57.0482206,9.9193939,3
"Cottesbrooke, United Kingdom",52.355812,-0.9633157,3
"St. Petersburg, Florida, United States",27.7703796,-82.6695084,3
"Orlando, United States",28.5421175,-81.3790461,3
"Hobart, Tasmania, Australia",-42.8825087,147.3281233,4
"Abteiberg, Germany",50.7891675,12.7344967,3
"Stavanger, Norway",58.9680427,5.7324722,3
"Leominster, United Kingdom",52.2273558,-2.7375332,3
"Aix-les-Bains, France",45.6886292,5.9146362,3
"Sherborne Saint John, United Kingdom",51.30430945,-1.09433325421,3
"West Point, New York, United States",41.3915173,-73.9556251,3
"Cockermouth, United Kingdom",54.6614709,-3.3590115,3
"Ornans, France",47.09472425,6.15174630448,3
"Greensboro, North Carolina, United States",36.0726355,-79.7919753,3
"Decatur, Illinois, United States",39.8454163,-88.952415,3
"Chartres, France",48.4470039,1.4866387,3
"Bronxville, NY, United States",40.9381544,-73.8320783,3
"Agen, France",44.2015624,0.6176324,3
"Albuquerque, New Mexico, United States",35.0841034,-106.650985,3
"Dunkirk, France",51.0347708,2.3772525,3
"Mystic, Connecticut, United States",41.3542656,-71.9664619,3
"New Milford, Connecticut, United States",41.5867418,-73.4117652831,3
"Laon, France",49.564665,3.620686,2
"Margate, United Kingdom",51.3881317,1.3842066,2
"Veenhuizen, Netherlands",53.0286447,6.40220157373,2
"Tenby, United Kingdom",51.6726128,-4.7050442,2
"Château-Thierry, France",49.0439711,3.40299,2
"St. John, New Brunswick, Canada",45.2780145,-66.0558749,2
"Triest, Italy",45.6500335,13.7706559,2
"Kingswear, United Kingdom",50.3484702,-3.572295,2
"Reno, Nevada, United States",39.52927,-119.8136743,2
"Chernigov, Ukraine",51.494099,31.294332,2
"Collegeville, Pennsylvania, United States",40.1856597,-75.4515709,2
"Nördlingen, Germany",48.8516578,10.4885873,2
"Woodbridge, United Kingdom",52.0940952,1.3201301,2
"Heilbronn, Germany",49.142291,9.218655,2
"Caterham, United Kingdom",51.2819693,-0.0771031,2
"Jackson, New Hampshire, United States",44.144276,-71.1811069,2
"Lancaster, PA, United States",40.03813,-76.3056685,3
"Sale, United Kingdom",53.4245221,-2.3183898,2
"Amman, Jordan",31.9515694,35.9239625,2
"Evansville, Indiana, United States",37.9747645,-87.5558482,2
"Orono, Maine, United States",44.883607,-68.6727909,2
"Belfort, France",47.6379599,6.8628942,2
"L'Isle-Adam, France",49.1125294,2.2186324,2
"Fecamp, France",49.7577729,0.374891,2
"Lafayette, Indiana, United States",40.4167022,-86.8752868,2
"Al Ain, United Arab Emirates",24.2258413,55.7474052,2
"Kaliningrad, Russian Federation",54.7066422,20.5105166,2
"Belmont, California, United States",37.5202145,-122.2758007,2
"Livorno, Italy",43.5426309,10.3160295,2
"Gullane, United Kingdom",56.0350435,-2.8307088,2
"Kroměříž, Czech Republic",49.2984191,17.3929804,2
"Jackson, Mississippi, United States",32.4104385,-90.1620648883,2
"Yeovil, United Kingdom",50.9420432,-2.6317846,2
"Rockford, Illinois, United States",42.2713945,-89.0939659,2
"Whitchurch, United Kingdom",52.9704092,-2.6852136,2
"Vincentown, New Jersey, United States",39.9340023,-74.7484937,2
"Saint Lucia, Australia",-27.4976036,153.0079711,2
"Toowoomba, Queensland, Australia",-27.5610192,151.953351,2
"Tarbes, France",43.232858,0.0781021,2
"Forres, United Kingdom",57.609864,-3.6132149,2
"Tewkesbury, United Kingdom",51.9937857,-2.1549573,2
"Figueres, Spain",42.2666314,2.9638434,2
"Nahant, Massachusetts, United States",42.4264859,-70.918937,2
"Le Prieure, France",49.0698772,1.7747104,2
"Khimki, Russian Federation",55.8892847,37.4449896,2
"Cromer, United Kingdom",52.9311367,1.3012758,2
"Vendôme, France",47.7955178,1.0661684,2
"Aberdare, United Kingdom",51.713353,-3.4455549,2
"Arezzo, Italy",43.4640246,11.8604618783,2
"Salcombe, United Kingdom",50.2388158,-3.772612,2
"King's Lynn, United Kingdom",52.754891,0.3964614,4
"La Fère, France",49.6632869,3.3661672,2
Egypt,26.2540493,29.2675469,2
"Gatehouse of Fleet, United Kingdom",54.8836315,-4.1837346,2
"Worksop, United Kingdom",53.30488,-1.1235719,2
"Pedralbes, Spain",41.3901401,2.112218,2
"Austin, United Kingdom",51.4991444,-0.1092285,2
"Benalla, Victoria, Australia",-36.5489709,145.9883521,2
"Bautzen, Germany",51.1840794,14.4270706662,2
"Olten, Switzerland",47.3496571,7.903787,2
"Helmsley, United Kingdom",54.2457833,-1.0583789,2
"Ravenna, Italy",44.4161414,12.2017617,2
"Morez, France",46.5270731,6.01616871447,2
"Glarus, Switzerland",47.0422116,9.0674041,2
"Weybridge, United Kingdom",51.3727175,-0.4549296,2
"Vero Beach, United States",27.6387163,-80.3975398,2
"Hawaii, United States",21.2160437,-157.9752029,2
"Chesterfield, United Kingdom",53.2352134,-1.4264096,2
"Oshkosh, Wisconsin, United States",44.0206919,-88.5408573,2
"West Chester, Pennsylvania, United States",39.9597213,-75.6059637,2
"Auxerre, France",47.7954001,3.58452,2
"Colombo, Sri Lanka",6.9349969,79.853845,2
"Gravesend, United Kingdom",51.4422972,0.3696206,2
"Newtonmore, United Kingdom",57.0660071,-4.119191,2
"Toulon, France",43.1257311,5.9304919,2
"Brookville, Indiana, United States",39.4231065,-85.0127375,2
"Bovington, United Kingdom",50.6997724,-2.2447364,2
"Chatham, United Kingdom",51.3804845,0.5292758,2
"Kirkcaldy, United Kingdom",56.109939,-3.1607883,2
"Wantage, United Kingdom",51.5878072,-1.4249257,2
"Fulwood, United Kingdom",53.3650134,-1.543243,2
"Szczecin, Poland",53.4302122,14.5509784,2
"Toreby, Lolland, Denmark",54.7800375,11.2987285,2
"Shute, United Kingdom",50.7725619,-3.0623393,2
"Manly, New South Wales, Australia",-33.8038503,151.2908235,2
"Burlington House Piccadilly, United Kingdom",51.5092768,-0.139738035436,2
"Spokane, Washington, United States",47.6588603,-117.4247133,2
"Magdeburg, Germany",52.1315889,11.6399609,2
"Tremezzo, Italy",45.983484,9.218538,2
"Río Piedras, Puerto Rico",18.3980541,-66.0523961,2
"Verbania Pallanza, Italy",45.943827,8.4722836,2
"Alnwick, United Kingdom",55.4135412,-1.7072796,2
"Aurora, Illinois, United States",41.7605849,-88.3200714,2
"Bochum, Germany",51.4818036,7.2196595,2
"Anholt, Germany",51.8470694,6.4278809,2
"Yamagata, Japan",38.4746705,140.083237,2
"Granville, France",48.8376284,-1.5959212,2
"Leverkusen, Germany",51.0324743,6.9881194,2
"Annapolis, Maryland, United States",38.9786401,-76.4927859,2
"Norton, Massachusetts, United States",41.9667666,-71.1869938,2
"Rolandseck, Germany",50.6314951,7.2068912,2
"Orihuela, Spain",38.0906911,-0.9466129,2
"Holly Springs, Mississippi, United States",34.7675967,-89.4486893,2
"Rendsburg, Germany",54.3046701,9.6645115,2
"Koblenz, Germany",50.3533278,7.5943951,2
"Cupar, United Kingdom",56.3193913,-3.0116598,2
"Worms, Germany",49.6615131,8.32120408589,2
"Salt Lake City, Utah, United States",40.7670126,-111.8904307,2
"Viborg, Denmark",56.4469128,9.4059354,2
"Lueneburg, Germany",53.248706,10.4078555,2
"Springfield, Ohio, United States",39.9242266,-83.8088171,2
"Corning, New York, United States",42.1428521,-77.0546902,2
"Brookings, South Dakota, United States",44.311461,-96.7984399,2
"San Juan Capistrano, California, United States",33.5016932,-117.6625508,2
"Eisenach, Germany",50.9833,10.3166999,2
"Silkeborg, Denmark",56.169453,9.5495141,2
"Shizuoka, Japan",34.8566552,138.4855544,2
"Ruidoso Downs, New Mexico, United States",33.3289733,-105.604429,2
Ireland,52.865196,-7.9794598,2
"Cellardyke, United Kingdom",56.2245767,-2.6885959,2
"Rock Island, United States",41.5094771,-90.5787476,2
"College Station, Texas, United States",30.6253463,-96.3271537,2
"Wheaton, Illinois, United States",41.8646959,-88.1101708,2
"Blyth, United Kingdom",55.1241236,-1.5018083,2
"Chenonceau, France",49.4020415,2.81639075311,2
"Roswell, New Mexico, United States",33.3943282,-104.5229517,2
"Sleepy Hollow, NY, United States",41.085652,-73.8584679,2
"Twickenham, United Kingdom",51.4467941,-0.3283388,2
"Pistoia, Italy",43.9336213,10.9174238,2
"Lewisburg, Pennsylvania, United States",40.9645293,-76.88441,2
"Singapore, Singapore",1.2904753,103.8520359,2
"Glendale, California, United States",34.142498,-118.2485959,3
"Solothurn, Germany",48.7675865,8.34476234422,2
"Hazebrouck, France",50.7226113,2.5360331,2
"Manitowoc, Wisconsin, United States",44.0886059,-87.657584,2
"Tarrytown, New York, United States",41.0762077,-73.858746,2
"Palm Beach, Florida, United States",26.6279798,-80.4494173,2
"Laren, Netherlands",52.24253135,5.21624403044,2
"Bryn Mawr, Pennsylvania, United States",40.0238245,-75.3173405909,2
"Lodi, Italy",45.3138959,9.503263,2
"Upton, United Kingdom",51.7965932,-0.8806454,2
"Varese, Italy",45.8183902,8.823913,2
"Bassano del Grappa, Italy",45.7669109,11.7343469,2
"Riva del Garda, Italy",45.8847708,10.8396942,2
"Holkham, United Kingdom",52.9591025,0.8143613,2
"Folzano, Italy",45.5002138,10.2037391936,2
"Jesi, Italy",43.5219801,13.2443764,2
"Gifu, Japan",35.7867449,137.0460777,2
"Ulm, Germany",48.3973944,9.9932755,2
"Kalamazoo, Michigan, United States",42.291707,-85.5872285,2
"Northfield, Wisconsin, United States",44.4591665,-91.1000629,2
"Ancona, Italy",43.6170137,13.5170982,2
"Ogdensburg, New York, United States",44.694285,-75.4863739,2
"Hartlebury, United Kingdom",52.3357637,-2.2343445,2
"Springville City, Utah, United States",40.15956105,-111.615323828,2
"Wiltshire, United Kingdom",51.25,-1.9166669,2
"Burg Hohenzollern, Germany",48.3235771,8.96738239789,2
"Bude, United Kingdom",50.8285252,-4.546936,2
"Egham, United Kingdom",51.4312585,-0.5473084,2
Canada,61.0666922,-107.991707,2
"Eindhoven, Netherlands",51.44855695,5.45012252186,2
"Oxford, Ohio, United States",39.5103048,-84.7420518,2
"Kitakyushu, Japan",33.881691,130.866,2
"Santander, Spain",43.4623102,-3.8101066,2
"Saint-Malo, France",48.6454528,-2.0154179,2
"Haderslev, Denmark",55.2500715,9.4997871,2
"Kutná Hora, Czech Republic",49.9486561,15.2681123,2
"Hempstead, New York, United States",40.7063185,-73.6186839,2
"Middlesborough, United Kingdom",51.6101055,-0.0610962,2
"Alencon, France",48.4312059,0.0911374,2
"Laval, France",48.0710377,-0.7723498,2
"Torquay, United Kingdom",50.4652392,-3.521136,2
"Tenero-Contra, Switzerland",46.1841146,8.8453084,2
"Malden, Massachusetts, United States",42.4250964,-71.0661629,2
"West Bridgford, United Kingdom",52.928384,-1.1252549,2
"Izhevsk, Russian Federation",56.85973395,53.1975006325,2
"Langholm, United Kingdom",55.1508968,-2.9988824,2
"Auburn, New York, United States",42.9320202,-76.5672028,2
"Miskin, United Kingdom",51.5194352,-3.3750409,2
"Saitama, Japan",36.0183923,139.281463788,2
"Saint-Vaast-la-Hougue, France",49.5877016,-1.2662183,2
"Launceston, United Kingdom",50.6365062,-4.3604431,2
"Durham, NC, United States",35.9940329,-78.8986189,2
"Tampere, Finland",61.4980214,23.7603118,2
"Down - Kent, United Kingdom",51.0946646,0.3867313,2
"Missoula, Montana, United States",46.8700801,-113.9952795,2
"Le Puy en Velay, France",45.0459739,3.8855537,2
"Roanoke, Virginia, United States",37.270973,-79.9414312,2
"Wick, United Kingdom",58.4384988,-3.0884176,2
"Stornoway, United Kingdom",58.2092594,-6.3856775,2
Republic of Korea,36.5748441,139.2394179,2
"Cork, Ireland",51.8979282,-8.4705805,1
"California, United States",36.7014631,-118.7559973,1
"Saint Peter Port, Guernsey",49.4568142,-2.5389978,1
England,52.7954791,-0.540240236617,1
"Cognac, France",45.6931647,-0.3250174,1
"Burgh, United Kingdom",52.1166641,1.2584744,1
"Chestnut Hill, Massachusetts, United States",42.330653,-71.1622756,1
"Bagnols-sur-Ceze, France",44.160481,4.6235831,1
"Champs-sur-Marne, France",48.8516672,2.6009206,1
"Pinner, United Kingdom",51.5968712,-0.3770141,1
"Cape Town, South Africa",-33.9289919,18.417396,1
"Westport, Connecticut, United States",41.1414855,-73.3578954,1
Portugal,40.033265,-7.8896262,1
"Digne-les-Bains, France",44.0918144,6.2351431,1
"Glenesk, United Kingdom",51.4625377,0.0626499,1
"Romans-sur-Isère, France",45.0458886,5.0528681,1
"Lisieux, France",49.1460831,0.2255168,1
"Furness Vale, United Kingdom",53.3488211,-1.9888398,1
"Maltby, United Kingdom",53.4264287,-1.2070443,1
"Anderson, Indiana, United States",40.1053196,-85.680254,1
"Forfar, United Kingdom",56.6444658,-2.888507,1
"La Jolla, California, United States",32.8472711,-117.2742085,1
"Viterbo, Italy",42.4164974,12.1039438,1
"Saginaw, Michigan, United States",43.4200387,-83.9490364,1
"Somerton, United Kingdom",51.0537141,-2.7315543,1
"Shasta State Historic Park, United States",40.5989144,-122.492812468,1
"Sioux City, Iowa, United States",42.4966815,-96.4058781,1
"Wilmington, North Carolina, United States",34.2257282,-77.9447106,1
"Rovigo, Italy",45.0698166,11.78882,1
"Charlottesville, United States",38.029306,-78.476678,1
"Glencoe, United Kingdom",56.6822314,-5.100468,1
"Heraklion, Greece",35.3340134,25.1328543,1
"Syracuse, Italy",37.0646139,15.2907196,1
"Isle of Wight, United Kingdom",50.6710482,-1.33271101332,1
"Balerno, United Kingdom",55.88454195,-3.34377230575,1
"Cádiz, Spain",36.5298292,-6.2925678,1
"Gainsborough, United Kingdom",53.3968736,-0.7739576,1
"Olomouc, Czech Republic",49.5940567,17.251143,1
"Sete, France",43.4017377,3.6941845,1
"Arles, France",43.6776223,4.6309653,1
"Brooklyn, N.Y., United States",40.64530975,-73.9550229275,1
"Trier, Germany",49.7596208,6.6441878,1
"Mt. Kisco, New York, United States",41.204262,-73.7270759,1
"Moss, Norway",59.464916,10.6622880355,1
"East Lansing, Michigan, United States",42.7355416,-84.4852468,1
"Fremont, California, United States",37.5482697,-121.9885718,1
"Gibraltar, Gibraltar",36.1451465,-5.3484847,1
"Maribo, Denmark",54.7758018,11.5054333,1
"Châlons-en-Champagne, France",48.9566218,4.3628851,1
"Cumnock, United Kingdom",55.4532369,-4.2669241,1
"Colombiers, France",44.1956236,5.9927144,1
"Nicosia, Cyprus",35.1739302,33.364726,1
"Kristiansand, Norway",58.1467082,7.995766,1
"Butler, United Kingdom",51.4727919,-2.5371502,1
"Edmond, Oklahoma, United States",35.6571367,-97.4649037,1
"Dhaka, Bangladesh",23.7593572,90.3788136,1
"Warabrook, Australia",-32.8816666,151.7177778,1
"Jennings, United States",38.9957749,-85.63592,1
"Riverside, California, United States",33.9533546,-117.3961622,1
"Smallhythe, Kent, England",51.0387428,0.699645321379,1
"Salenstein, Switzerland",47.6694793,9.05922,1
"Lucknow, India",26.8381,80.9346001,1
"Blair Atholl, United Kingdom",56.7637368,-3.8478089,1
"Dedham, United Kingdom",51.9584423,0.9943287,1
"Searsport, Maine, United States",44.4584089,-68.9241994,1
"Laguna, California, United States",38.4210209,-121.4238413,1
"Fort Ticonderoga, New York, United States",43.841449,-73.3876187,1
"Lemgo, Germany",52.0280674,8.9012894,1
"Ridgefield, Connecticut, United States",41.2814842,-73.4981791,1
"Machynlleth, United Kingdom",52.5905755,-3.8517265,1
"Iseo, Italy",45.6595554,10.0510489,1
"Lovere, Italy",45.8168815,10.0752136,1
"Bomarzo, Italy",42.481928,12.248764,1
"Castenedolo, Italy",45.4715763,10.29831,1
"Clamecy, France",49.4286111,3.3619444,1
"Binghamton, New York, United States",42.096968,-75.9143409,1
"Bassano Romano, Italy",42.2182308,12.1925496,1
"Berea, Kentucky, United States",37.568694,-84.2963223,1
"Belluno, Italy",46.1375185,12.2181711,1
"Langenselbold, Germany",50.1780857,9.0433074,1
"Oxford, United States",34.3664127,-89.5187663,1
"Livingston, United Kingdom",55.8878144,-3.52634,1
"Dornoch, United Kingdom",57.8805039,-4.0294398,1
"Franklin, North Carolina, United States",36.1028596,-78.2787228,1
"Costa Mesa, California, United States",33.6633386,-117.9033169,1
"Algonquin Park, Canada, Canada",43.5375185,-79.6186093,1
"Zwickau, Germany",50.7185043,12.4939267,1
"Latisana, Italy",45.7784884,12.996219,1
"Las Palmas de Gran Canaria, Spain",28.1287799,-15.4350513,1
"Coruna, Spain",43.1538815,-8.58094170456,1
"Compton, United Kingdom",51.5155951,-1.2451998,1
"Mechelen, Belgium",51.0281381,4.4803453,1
"Pannonhalma, Hungary",47.5502015,17.7541679,1
"Chiari, Italy",45.5364624,9.928846,1
"Pullman, Washington, United States",46.7304268,-117.1738949,1
"Salins-les-Bains, France",46.9404794,5.8786339,1
"Lons le Saunier, France",46.6739021,5.5586167,1
"Réunion, France",-21.1309331,55.5265771,1
"Sarnia, Ontario, Canada",42.9923449,-82.3800378,1
"Künzelsau, Germany",49.2803765,9.6901512,1
"Lindsborg, Kansas, United States",38.5736176,-97.6744837,1
"roanne, France",46.0363902,4.0738682,1
"Sandbank, United Kingdom",55.9812457,-4.9481321,1
"Grantown-on-Spey, United Kingdom",57.3295089,-3.6104017,1
"Mallorca, Spain",39.6594496,2.986239,1
"Schaffhausen, Switzerland",47.6960491,8.634513,1
"Abbeville, France",50.1060835,1.8337029,1
"Ondarroa, Spain",43.3207293,-2.4207496,1
"Cazenovia, New York, United States",42.9300668,-75.8526914,1
"Lubbock, Texas, United States",33.5778631,-101.8551664,1
"Ciechanów, Poland",52.8814075,20.6110759,1
"Donaueschingen, Germany",47.9481666,8.4998444,1
"Huddersfield, England",53.6467031,-1.7832076,1
"Boissy-Saint-Léger, France",48.7498882,2.5121047,1
"Lewiston, United States",44.100351,-70.2147763,1
"Harrisburg, Pennsylvania, United States",40.2663107,-76.8861121,1
"cuernavaca, Mexico",18.9218274,-99.2342281,1
"Spanbroek, Netherlands",52.68836315,4.94377366896,1
"Cagnes-sur-Mer, France",43.6612012,7.1513834,1
"Jersey City, New Jersey, United States",40.7281575,-74.0776416,1
"Chester, Pennsylvania, United States",39.849557,-75.3557457,1
"Windham, United States",41.8208345,-72.00512,1
"Monmouth, Illinois, United States",40.9114272,-90.6473574,1
"Murmansk, Russian Federation",68.9706637,33.0749718,1
"Rovereto, Italy",45.886548,11.0452369,1
"Rudolstadt, Germany",50.7206063,11.3401985,1
"Castello, Italy",46.0280867,9.0541987,1
"Longniddry, United Kingdom",55.9745237,-2.8946677,1
"Annandale-on-Hudson, United States",42.0128695,-73.90819,1
"Meiningen, Germany",50.5695563,10.4305056395,1
"Feltre, Italy",46.0163755,11.9062541,1
"Carpi, Italy",44.7835699,10.8854523,1
"Brighton and Hove, United Kingdom",50.84522125,-0.149758405411,1
"Tehran, Islamic Republic of Iran",35.7006177,51.401375,1
"Rugby, United Kingdom",52.3726682,-1.2620037,1
"Nantucket, Massachusetts, United States",41.2657181,-70.0683143,1
"Islamabad, Pakistan",33.6945756,73.0643744,1
"Asolo, Italy",45.8007265,11.9142444,1
"Bendorf, Germany",50.4238296,7.5732901,1
"Winona, United States",44.049963,-91.6393151,1
"Gardena, California, United States",33.888658,-118.3076479,1
"Arolsen, Germany",51.3816043,9.0147661,1
"Niigata, Japan",37.645058,138.7674345,1
"Chicoutimi, Quebec, Canada",48.405959,-71.0691829,1
"Morpeth, United Kingdom",55.1717715,-1.6863009,1
"Mikkeli, Finland",61.6877956,27.2726569,1
"Quincy, United States",39.9356016,-91.4098726,1
"Baton Rouge, Louisiana, United States",30.4507462,-91.1545509,1
"Neuburg an der Donau, Germany",48.7371951,11.1795268,1
"Camerino, Italy",43.1357641,13.0683092,1
"Pietermaritzburg, South Africa",-29.5999999,30.3788889,1
"Covington, Ohio, United States",40.1172727,-84.3538366,1
"Coxwold, United Kingdom",54.18722,-1.1818591,1
"Langwarrin, Victoria, Australia",-38.1545828,145.1973931,1
"Cento, Italy",44.7274395,11.2903029,1
"Peterhead, United Kingdom",57.5068566,-1.7830751,1
"Naples, Florida, United States",26.1420358,-81.7948102,1
"Middle Wallop, United Kingdom",51.1393682,-1.5811101,1
"Pontypridd, United Kingdom",51.59928,-3.3416385,1
"Glen Cove, New YOrk, United States",40.8623217,-73.6337388,1
"Uddevalla, Sweden",58.3490555,11.9382855,1
"Zwolle, Netherlands",52.51456525,6.09772035968,1
"Sandhurst, United Kingdom",51.3434698,-0.774,1
"Lethbridge, Canada",49.694285,-112.8515619,1
"Eugene, Oregon, United States",44.10118085,-123.152383714,1
"Fontaine-Chaalis, France",49.1716947,2.6840298,1
"Toul, France",48.6762624,5.8941759,1
"Semur-en-Auxois, France",47.4902149,4.3328705,1
"Wivenhoe, United Kingdom",51.8674915,0.9627477,1
"Norwich, Connecticut, United States",41.5242649,-72.0759104,1
"Northfield, Vermont, United States",44.151174,-72.6567079,1
"Epsom, United Kingdom",51.3326098,-0.2678211,1
"Lugo, Spain",43.0396042,-7.45660706651,1
"Loanhead, United Kingdom",55.9228899,-3.9417092,1
"Nairn, United Kingdom",57.5848102,-3.8737954,1
"Turnhout, Belgium",51.3233812,4.948461,1
"Windsor, Canada",42.30423,-83.0298609,1
"Woburn, United States",42.4792618,-71.1522765,1
"Ticonderoga, New York, United States",43.848889,-73.4233469,1
"Mumbai, India",18.9321862,72.8308337,1
"Miskolc, Hungary",48.1031517,20.7902158,1
"Paris, Kentucky, United States",38.2097987,-84.2529868,1
"Frankfort, Kentucky, United States",38.2009055,-84.8732835,1
"Certosa di Pavia, Italy",45.2543547,9.1278876,1
"Soues, United Kingdom",51.0489576,1.4431801,1
"Vodňany, Czech Republic",49.1481579,14.1750718,1
"Troy, New York, United States",42.7284117,-73.691785,1
"Lagny-sur-Marne, France",48.8735584,2.7121663,1
"Udine, Italy",46.0634632,13.2358377,1
"Greencastle, Indiana, United States",39.6444898,-86.8647315,1
"Dubuque, United States",42.5006217,-90.6647966,1
"Carlton, United Kingdom",54.5896712,-1.389564,1
"Arundel, United Kingdom",50.8540612,-0.5534495,1
"Novosibirsk, Russian Federation",55.0282215,82.9234476,1
"Midhurst, United Kingdom",50.98508925,-0.746283705689,1
"Anchorage Alaska, United States",61.2163129,-149.8948522,1
"Dundalk, Ireland",54.0046033,-6.4008878,1
"Carrickfergus, United Kingdom",54.7136165,-5.8073111,1
"Douglas, Isle of Man",54.149774,-4.477902,1
"Boulder, Colorado, United States",40.0149856,-105.2705455,1
"Vasto, Italy",42.12434,14.705923,1
"Kabul, Afghanistan",34.5260131,69.1776476,1
"Montagnana, Italy",45.2333207,11.4657779,1
"Ukiah, United States",39.1501662,-123.207786,1
"Palm Springs, California, United States",33.8246269,-116.5403029,1
"Aurora, New York, United States",42.7539591,-76.7024484,1
"Aragon, Spain",41.3787291,-0.7639372,1
"Manila, Philippines",14.5906216,120.9799696,1
"Oregon, Illinois, United States",42.0147513,-89.3323278,1
"Giza, Egypt",30.0170059,31.2134513,1
"Lancashire, United Kingdom",53.86117155,-2.54711144031,1
"Plainfield, New Jersey, United States",40.6337136,-74.4073736,1
"Lichfield, United Kingdom",52.6843696,-1.8275285,1
"Aberdeen, Ireland",53.3513967,-6.2966811,1
"Hythe, United Kingdom",51.0691421,1.0841634,1
"Péronne, France",49.9289578,2.9321899,1
"Sutton, United Kingdom",51.360398,-0.1906995,1
"Wymondham, United Kingdom",52.5764773,1.117928,1
"Bridlington, United Kingdom",54.0871383,-0.196451,1
"Falkland, United Kingdom",56.252459,-3.2105424,1
"Derry Hill, United Kingdom",53.8867638,-1.7478273,1
"Kingston, New York, United States",41.928781,-74.0023699,1
"Lynn, Massachusetts, United States",42.466763,-70.9494938,1
"Alexandria, United States",38.8051095,-77.0470228,1
"Sint-Martens-Latem, Belgium",51.020971,3.6397549,1
"Patmos, Greece",37.32475975,26.5381315774,1
"Castle Lodge, United Kingdom",53.041855,-0.097987,1
"Hradec Králové, Czech Republic",50.2094963,15.832719,1
"Fleet, United Kingdom",51.2828601,-0.831633347198,1
"Montpelier, Vermont, United States",44.260015,-72.5753598,1
"Ashby-de-la-Zouch, United Kingdom",52.7443974,-1.4755889,1
"Galashiels, United Kingdom",55.6163301,-2.8071648,1
"Ceres, United Kingdom",56.292877,-2.9699669,1
"Jedburgh, United Kingdom",55.4777195,-2.5529225,1
"Newbury, United Kingdom",51.4020055,-1.3236424,1
"Isla Vista, United States",34.4133801,-119.861513,1
"Borehamwood, United Kingdom",51.6604863,-0.2706505,1
"Badajoz, Spain",38.8764686,-6.9733663,1
"Cornwall, Connecticut, United States",41.8437058,-73.3292847,1
"Newton Stewart, United Kingdom",54.959045,-4.4836736,1
"Coburg, Germany",50.258112,10.964463,1
"Montefalco, Italy",42.8918739,12.6500673,1
"Tolpuddle, United Kingdom",50.7495779,-2.2958487,1
"Morosaglia, Corsica, France",42.4368399,9.304545,1
"Bradford-on-Avon, United Kingdom",51.3470852,-2.2511976,1
"Godalming, United Kingdom",51.1857892,-0.6149073,1
"Bayreuth, Germany",49.9427202,11.5763079,1
"Easton, Pennsylvania, United States",40.6916081,-75.2099865,1
"Caldicot, United Kingdom",51.5845192,-2.759768,1
"Ashington, United Kingdom",55.182294,-1.5708472,1
"East Hendred, United Kingdom",51.5968072,-1.3356081,1
"Samarkand, Uzbekistan",39.6547869,66.9758026,1
"Staunton, Virginia, United States",38.1495947,-79.0725569,1
"Renishaw, United Kingdom",53.2946503,-1.3269577,1
"Vejle, Denmark",55.7000057,9.5333238,1
"Esbjerg, Denmark",55.4664892,8.4520751,1
"St. Ingbert, Germany",49.2788369,7.1158276,1
"Auvers-sur-Oise, France",49.0701875,2.1718687,1
"Ptuj, Slovenia",46.4197508,15.871799,1
"Bishop's Castle, United Kingdom",52.4933868,-2.9976184,1
"Hemel Hempstead, United Kingdom",51.7511784,-0.4725279,1
"Nashville, Indiana, United States",39.2072708,-86.251101,1
Haiti,19.1399952,-72.3570971,1
"Lynmouth, United Kingdom",51.229864,-3.829065,1
"New Ulm, United States",44.2821195,-94.4518551126,1
"Watertown, Massachusetts, United States",42.3709299,-71.182832,1
"Dunkeld, United Kingdom",56.5655711,-3.5862545,1
"Olney, United Kingdom",52.1539179,-0.7013941,1
"Spiceland, Indiana, United States",39.838379,-85.4388607,1
"Coalbrookdale, United Kingdom",52.6396813,-2.491122,1
"Cavan, Ireland",54.03497495,-7.29370218256,1
"Muscat, Oman",23.5997857,58.5451305,1
"Culloden Moor, United Kingdom",57.4798607,-4.08774678666,1
"Berrington, United Kingdom",52.3038103,-2.6297034,1
"Lexington, Virginia, United States",37.7840208,-79.4428156,1
"Ely, United Kingdom",52.3998376,0.2630951,1
"Concord, Massachusetts, United States",42.4605189,-71.3488962,1
"Nottingham, Pennsylvania, United States",39.748442,-76.0185578,1
"Gatineau, Canada",45.4563052,-75.7228827,1
"Saint John's, Canada",47.5614849,-52.7125838,1
"Bremerhaven, Germany",53.5522264,8.5865509,1
"Beaune, France",47.0239064,4.8380426,1
"Baden-Baden, Germany",48.7580777,8.2415239,1
"Limerick, Ireland",52.661252,-8.6301238,1
"Konstanz, Germany",47.659216,9.1750718,1
"Norman, Oklahoma, United States",35.2225717,-97.4394815,1
"Augusta, Maine, United States",44.310517,-69.7792601,1
"Diss, United Kingdom",52.3767319,1.1089978,1
"Newhall, California, United States",34.3798765,-118.5291916,1
"Pacific Palisades, United States",34.0480643,-118.5264705,1
"Jackson Hole, Wyoming, United States",43.684103,-110.443624734,1
"Brownsea Island, United Kingdom",50.69172365,-1.97186740946,1
"Taos, United States",36.4072485,-105.5730664,1
"Harwich, United Kingdom",51.9445801,1.2898522,1
"Crathes, United Kingdom",57.0589093,-2.4154526,1
"Horup, Sweden",55.4437114,14.1213546,1
"Jaegerspris, Denmark",55.8505813,11.9916517,1
"Kemerovo, Russian Federation",55.3551248,86.0872319,1
"Stroud, United Kingdom",51.745424,-2.2198604,1
"Carmignano, Italy",45.1496279,11.6494087,1
"Poggio a Caiano, Italy",43.8160891,11.0546502,1
"Cardiff, England",51.9896896,-2.1357383,1
"Kōriyama-shi, Japan",37.404937,140.333381,1
"Bexleyheath, United Kingdom",51.4634854,0.1480552,1
"Hutton-in-the-Forest, United Kingdom",54.71409925,-2.83909363048,1
"Sturbridge, Massachusetts, United States",42.108428,-72.078687,1
"Moncton, Canada",46.097331,-64.7989694,1
"Totnes, United Kingdom",50.4322991,-3.6870436,1
"Talaton, United Kingdom",50.7876222,-3.3240853,1
Denmark,55.670249,10.3333283,1
"Broken Hill, Australia",-31.9649999,141.4511111,1
"Shimane, Japan",34.9418212,132.537439,1
"Elstow, United Kingdom",52.1153339,-0.4681273,1
"Erie, Pennsylvania, United States",42.1290657,-80.085242,1
"Komaki, Japan",35.30643,136.934444,1
"Castle Douglas, United Kingdom",54.9383964,-3.9225438,1
"Pickering, United Kingdom",54.2465905,-0.7761461,1
"Fort Riley, Kansas, United States",39.058327,-96.8215534,1
"La Spezia, Italy",44.107033,9.8282255,1
"Foxborough, United States",42.0653768,-71.2478307,1
"Northumberland, United Kingdom",55.25,-2.0005589,1
"Pont-Saint-Esprit, France",44.2538589,4.6456631,1
"Battle, United Kingdom",50.9177711,0.4836541,1
"Sittingbourne, United Kingdom",51.3397366,0.7342319,1
"Fleetwood, United Kingdom",53.9246318,-3.0076371,1
"Las Condes, Chile",-33.42478675,-70.5174806231,1
"Champlain, Canada",46.441406,-72.3439409,1
"Cold Spring, New York, United States",41.4200938,-73.954583,1
"Pitmedden, United Kingdom",57.3384959,-2.182409,1
"Zanesville, United States",39.9403453,-82.0131923,1
"Framingham, Massachusetts, United States",42.2792625,-71.4161719,1
"Cartersville, United States",34.180725,-84.7529081411,1
"Appleton, Wisconsin, United States",44.2611337,-88.4067603,1
"Earls Colne, United Kingdom",51.9309663,0.6937642,1
"Shawnee, Oklahoma, United States",35.3272928,-96.9253003,1
"Keene, New Hampshire, United States",42.933597,-72.2784263,1
"Bethlehem, Pennsylvania, United States",40.6178915,-75.378652,1
"Romsey, United Kingdom",50.9932664,-1.48950567949,1
"Newton Saint Loe, United Kingdom",51.3797756,-2.4271684,1
"Hope Square, United Kingdom",51.4515172,-2.6221777,1
"Glastonbury, United Kingdom",51.14804,-2.7165769,1
"Rabat, Morocco",34.0224046,-6.8345426,1
"Penrith, United Kingdom",54.6639133,-2.7522046,1
"Great Torrington, United Kingdom",50.9520536,-4.1428752,1
"Writtle, United Kingdom",51.7295714,0.4249042,1
"Lake Maggiore, Italy",45.95118205,8.63426735107,1
"De Rijp, Netherlands",52.5561734,4.84224698126,1
"Milton-under-Wychwood, United Kingdom",51.8626854,-1.6167819,1
"Céret, France",42.485804,2.7488069,1
"Cassibile, Italy",36.9759414,15.1969971,1
"Città di San Marino, San Marino",43.9363996,12.4466991,1
"Denbigh, United Kingdom",53.1853776,-3.4178288,1
"Tournus, France",46.5636138,4.9104079,1
"Weston-under-Lizard, United Kingdom",52.6970822,-2.2935665,1
"Güstrow, Germany",53.7936523,12.1759661,1
"Ankara, Turkey",39.9215219,32.8537929,1
"Gorlitz, Germany",51.1517428,14.9844025,1
"Olivet, United States",42.4414273,-84.9241541,1
"Mount Vernon, New York, United States",40.9125992,-73.8370785,1
"Velletri, Italy",41.6867015,12.7770433,1
"Denver, India",39.6732999,-104.973122,1
"Middletown, Connecticut, United States",41.5623209,-72.6506487,1
"Bexley, United Kingdom",51.4416793,0.150488,1
"Syosset, New York, United States",40.8262101,-73.5020679,1
"Southwell, United Kingdom",53.0775498,-0.9548829,1
"Victoriaville, Canada",46.055126,-71.9573589,1
"Osaka, Japan",34.704365,135.501887,1
"Limoux, France",43.0538068,2.2176533,1
"Cesena, Italy",44.136352,12.2422442,1
"Chippenham, United Kingdom",51.4587621,-2.1159031,1
"Potters Bar, United Kingdom",51.702588,-0.1955648,1
"Como, Italy",45.8106805,9.0863028,1
"Langres, France",47.8655638,5.3314162,1
"Fuefuki-shi, Japan",35.599518,138.683609,1
"Ludwigsburg, Greater Stuttgart, Germany",,,1
"Lucerne, Switzerland",,,22
"Lausanne, Tuvalu",,,3
"Milngavie, Greater Glasgow, United Kingdom",,,17
"Wallington, Northumbria, United Kingdom",,,17
"Neuss, Greater Dusseldorf, Germany",,,9
"Nivå, Greater Copenhagen, Denmark",,,20
"Tyntesfield, Greater Bristol, United Kingdom",,,21
"Saint Petersburg, Greater Tampa, Florida, United States",,,4
"Ein Harod, Guernsey",,,2
"Dunedin, New Zealand, New Zealand",,,3
"Pontoise, Greater Paris, France",,,1
"Sakura, Greater Chiba, Japan",,,5
"Rueil-Malmaison, Greater Paris, France",,,8
"Gelsenkirchen, Greater Essen, Germany",,,7
"Saint-Germain-en-Laye, Greater Paris, France",,,24
"Tempe, Greater Phoenix, United States",,,4
"Bergues, Greater Dunkerque, France",,,8
"Maincy, Greater Melun, France",,,3
"Windsor, Greater Slough, United Kingdom",,,4
"Saint Helens, Greater Liverpool, United Kingdom",,,15
"Saint-Denis, Greater Paris, France",,,4
"Rostov Veliky, Russian Federation",,,17
"Hagen, Greater Dortmund, Germany",,,8
"Dessau-Roblau, Germany",,,5
"Darmstadt, Greater Frankfurt, Germany",,,22
"San Antonia, Texas, United States",,,4
"Taipei, Taiwan, Province of China",,,17
"San Lorenco de El Escorial, Spain",,,13
"Charlottsville, Virginia, United States",,,4
"Wednesbury, Greater Birmingham, United Kingdom",,,24
"Stockton, Caifornia, United States",,,12
"Salt Lake City, Utan, United States",,,8
"Meaux, Greater Paris, France",,,8
"Montreuil, Greater Paris, France",,,1
"Miyazaki City, Miyazaki, Japan",,,1
"Harewood, Greater Leeds, United Kingdom",,,4
"St. Johnsbury, Vermonnt, United States",,,4
"Ludwigshafen, Greater Mannheim, Germany",,,9
"Minneapolis, Minnesotta, United States",,,16
"Dachau, Greater Munich, Germany",,,1
"Wiesbaden, Greater Frankfurt, Germany",,,18
"Petergof, Greater Saint Petersburg, Russian Federation",,,13
"Villeneuve d'Ascq, Greater Lille, France",,,9
"Arkhangelskoye, Greater Moscow, Russian Federation",,,2
"Périgeaux, France",,,1
"Musselburgh, Greater Edinburgh, United Kingdom",,,8
"Hovikodden, Greater Oslo, Norway",,,3
"Itó, Guyana",,,1
"Issy-les-Moulineaux, Greater Paris, France",,,1
"Mantes-la-Jolie, Greater Paris, France",,,6
"Pavlovsk, Greater Saint Petersburg, Russian Federation",,,5
"Girton, Greater Cambridge, United Kingdom",,,12
"Winston_Salem, North Carolina, United States",,,1
"Twin Cities, Minnesotta, United States",,,2
"Krefeld, Greater Dusseldorf, Germany",,,3
"Roubaix, Greater Lille, France",,,2
"Meudon, Greater Paris, France",,,2
"Bath, Greater Bristol, United Kingdom",,,6
"Batu Gajah, United Kingdom",,,1
"Anaheim, Greater Los Angeles, United States",,,3
"Sobral, Romania",,,1
"Mainz, Greater Frankfurt, Germany",,,8
"Caserta, Greater Naples, Italy",,,6
"Sezentendre, Greater Budapest, Hungary",,,1
"Keighley, Greater Bradford, United Kingdom",,,3
"Bruton, Isle of Man",,,1
"Breschia, Italy",,,3
"Pioria, Illinois, United States",,,3
"Duffryn, Greater Newport, United Kingdom",,,15
"Schlesswig, Germany",,,1
"Drawsteignton, United Kingdom",,,3
"Middlwtown, Virginia, United States",,,2
"Pushkin, Greater Saint Petersburg, Russian Federation",,,2
"Vatican City, Italy",,,6
"Baton Route, Louisnaia, United States",,,8
"Tourcoing, Greater Lille, France",,,5
"Muiden, Greater Amsterdam, Netherlands",,,3
"Salfrod, United Kingdom",,,2
"Montpellier, Vermont, United States",,,1
"Chicago, Illinoise, United States",,,3
"Chitchester, United Kingdom",,,1
"Bethleham, Pennsylvania, United States",,,4
"Bergamo, Comoros",,,2
"Stony Brook, Long Island, New York, United States",,,18
"Greater Florence, Italy",,,4
"Toronto, Ontatio, Canada",,,11
"Wickenburg, Arkansas, United States",,,2
"Castlemain, Victoria, Australia",,,8
"Louveciennes, Greater Paris, France",,,1
"La Piscine, France",,,1
"Massillon, Vatican City State)",,,1
"Vulaines-sur-Seine, Greater Fontainebleau, France",,,1
"Seymour, Indiaia, United States",,,1
"Saint-Jean-Cap-Ferrat, Greater Nice, France",,,2
"Carona del Mar, California, United States",,,1
"Recklinghausen, Greater Dortmund, Germany",,,1
"Ariccia, Greater Rome, Italy",,,1
